{
  "type": "levdict",
  "settings": {
    "dictionary": {
      "type": "inline",
       "data": [
        "AFGHANISTAN",
        "ALBANIA",
        "ALGERIA",
        "AMERICAN SAMOA",
        "ANDORRA",
        "ANGOLA",
        "ANGUILLA",
        "ANTARCTICA",
        "ANTIGUA AND BARBUDA",
        "ARGENTINA",
        "ARMENIA",
        "ARUBA",
        "AUSTRALIA",
        "AUSTRIA",
        "AZERBAIJAN",
        "BAHAMAS",
        "BAHRAIN",
        "BANGLADESH",
        "BARBADOS",
        "BELARUS",
        "BELGIUM",
        "BELIZE",
        "BENIN",
        "BERMUDA",
        "BHUTAN",
        "BOLIVIA",
        "BOSNIA AND HERZEGOVINA",
        "BOTSWANA",
        "BOUVET ISLAND",
        "BRAZIL",
        "BRUNEI",
        "BULGARIA",
        "BURKINA FASO",
        "BURUNDI",
        "CAMBODIA",
        "CAMEROON",
        "CANADA",
        "CABO VERDE",
        "CAYMAN ISLANDS",
        "CENTRAL AFRICAN REPUBLIC",
        "CHAD",
        "CHILE",
        "CHINA",
        "CHRISTMAS ISLAND",
        "COLOMBIA",
        "COMOROS",
        "CONGO",
        "COOK ISLANDS",
        "COSTA RICA",
        "COTE D'IVOIRE",
        "CROATIA",
        "CUBA",
        "CYPRUS",
        "CZECH REPUBLIC",
        "DENMARK",
        "DJIBOUTI",
        "DOMINICA",
        "DOMINICAN REPUBLIC",
        "ECUADOR",
        "EGYPT",
        "EL SALVADOR",
        "EQUATORIAL GUINEA",
        "ERITREA",
        "ESTONIA",
        "ETHIOPIA",
        "FALKLAND ISLANDS",
        "FAROE ISLANDS",
        "FIJI",
        "FINLAND",
        "FRANCE",
        "FRENCH GUIANA",
        "FRENCH POLYNESIA",
        "FRENCH SOUTHERN TERRITORIES",
        "GABON",
        "GAMBIA",
        "GEORGIA",
        "GERMANY",
        "GHANA",
        "GIBRALTAR",
        "GREECE",
        "GREENLAND",
        "GRENADA",
        "GUADELOUPE",
        "GUAM",
        "GUATEMALA",
        "GUERNSEY",
        "GUINEA",
        "GUINEA-BISSAU",
        "GUYANA",
        "HAITI",
        "HONDURAS",
        "HONG KONG",
        "HUNGARY",
        "ICELAND",
        "INDIA",
        "INDONESIA",
        "IRAN",
        "IRAQ",
        "IRELAND",
        "ISRAEL",
        "ITALY",
        "JAMAICA",
        "JAPAN",
        "JORDAN",
        "KAZAKHSTAN",
        "KENYA",
        "KIRIBATI",
        "KUWAIT",
        "KYRGYZSTAN",
        "LAOS",
        "LATVIA",
        "LEBANON",
        "LESOTHO",
        "LIBERIA",
        "LIECHTENSTEIN",
        "LITHUANIA",
        "LUXEMBOURG",
        "MACAO",
        "MACAU",
        "MACEDONIA",
        "MADAGASCAR",
        "MALAWI",
        "MALAYSIA",
        "MALDIVES",
        "MALI",
        "MALTA",
        "MARSHALL ISLANDS",
        "MAURITANIA",
        "MAURITIUS",
        "MEXICO",
        "MICRONESIA",
        "MOLDOVA",
        "MONACO",
        "MONGOLIA",
        "MOROCCO",
        "MOZAMBIQUE",
        "MYANMAR",
        "NAMIBIA",
        "NAURU",
        "NEPAL",
        "NETHERLANDS",
        "NEW ZEALAND",
        "NICARAGUA",
        "NIGER",
        "NIGERIA",
        "NORTH KOREA",
        "NORWAY",
        "OMAN",
        "PAKISTAN",
        "PALAU",
        "PALESTINIAN TERRITORY",
        "PANAMA",
        "PAPUA NEW GUINEA",
        "PARAGUAY",
        "PERU",
        "PHILIPPINES",
        "POLAND",
        "PORTUGAL",
        "PUERTO RICO",
        "QATAR",
        "REPUBLIC OF BELARUS",
        "ROMANIA",
        "RUSSIAN FEDERATION",
        "RUSSIAN FED",
        "RUSSIA",
        "RWANDA",
        "SAINT KITTS AND NEVIS",
        "SAINT LUCIA",
        "SAINT VINCENT AND THE GRENADINES",
        "SAMOA",
        "SAN MARINO",
        "SAO TOME AND PRINCIPE",
        "SAUDI ARABIA",
        "SENEGAL",
        "SERBIA",
        "SEYCHELLES",
        "SIERRA LEONE",
        "SINGAPORE",
        "SLOVAKIA",
        "SOLOMON ISLANDS",
        "SOMALIA",
        "SOUTH AFRICA",
        "SOUTH KOREA",
        "SPAIN",
        "SRI LANKA",
        "SUDAN",
        "SURINAME",
        "SWAZILAND",
        "SWEDEN",
        "SWITZERLAND",
        "SYRIA",
	"TASHKENT",
        "TAIWAN",
        "TAJIKISTAN",
        "TANZANIA",
        "THAILAND",
        "TIMOR-LESTE",
        "TOGO",
        "TONGA",
        "TRINIDAD AND TOBAGO",
        "TUNISIA",
        "TURKEY",
        "TURKMENISTAN",
        "TUVALU",
        "UGANDA",
        "UKRAINE",
        "UNITED ARAB EMIRATES",
        "UNITED KINGDOM",
        "UNITED STATES",
        "UNITED STATES OF AMERICA",
        "USA",
        "URUGUAY",
        "UZBEKISTAN",
        "VANUATU",
        "VENEZUELA",
        "VIETNAM",
        "YEMEN",
        "ZAMBIA",
        "ZIMBABWE"
      ]
    },
    "max_input_confidence": 1.0,
    "max_input_dict_weight": 0,
    "min_change_dict_weight": 0,
    "max_relative_levenshtein_penalty": 0.2,
    "insertion_base_penalty": 1.0,
    "insertion_streak_penalty": 1.0,
    "deletion_base_penalty": 1.0,
    "deletion_streak_penalty": 1.0,
    "substitution_weight": 0.9,
    "max_states_count": 100
  }
}
