{
    "type": "dynamic",
    "settings": {    
        "processing": {
            "use_blink_removing": true, 
            "blink_removing_percent": 0.1, 
            "use_background_closing": true,
            "background_closing_wx": 4,
            "background_closing_wy": 4,
            "use_morphology_open": true,
            "morphology_open_wx": 10,
            "morphology_open_wy": 1,
            "use_morphology_close": true,
            "morphology_close_wx": 1,
            "morphology_close_wy": 5,
            "deskewer": ":/mixangler/common_deskewer.json", 
            "use_autocontrast": false,
            "autocontrast_satur_black": 0.01,
            "autocontrast_satur_white": 0.55,
            "use_saturation": true,
            "use_angle_detector": true, 
            "use_second_pass": true
        },
        "layout": [
            {
                "delta_height": 20, 
                "line_type": "gap", 
                "height": 25
            }, 
            {
                "line_type": "text",
                "height": 33,
                "delta_height": 20, 
                "fields": [
                    {
                        "field_type": "gap", 
                        "delta_width": 15, 
                        "width": 30
                    }, 
                    {
                        "field_type": "text", 
                        "cost": 0.6, 
                        "field_name": "inn", 
                        "is_optional": true,
                        "delta_width": 260, 
                        "width": 260
                    }, 
                    {
                        "field_type": "gap", 
                        "delta_width": 300, 
                        "width": 300
                    }
                ]
            },
            {
                "delta_height": 25, 
                "line_type": "gap", 
                "height": 30
            } 
        ], 
        "settings": {
            "grid_step_y": 1, 
            "grid_step_x": 1, 
            "gap_right": 15,
            "gap_left": 12,
            "gap_bot": 7,
            "gap_top": 7,
            "score_type": "otsu",
            "rejection_threshold": 100,

            "default_gap_dp_cost": 0.0,
            "default_gap_otsu_cost": 0.7,

            "local_otsu_window_wing": -1
        }
    }
}
