{
    "type": "dynamic",
    "settings": {    
        "processing": {
            "use_blink_removing": true, 
            "blink_removing_percent": 0.1, 
            "use_background_closing": true,
            "background_closing_wx": 4,
            "background_closing_wy": 4,
            "use_morphology_open": true,
            "morphology_open_wx": 20,
            "morphology_open_wy": 1,
            "use_morphology_close": true,
            "morphology_close_wx": 0,
            "morphology_close_wy": 7,
            "deskewer": ":/mixangler/common_deskewer.json", 
            "use_autocontrast": false,
            "autocontrast_satur_black": 0.01,
            "autocontrast_satur_white": 0.55,
            "use_saturation": true,
            "use_angle_detector": true, 
            "use_second_pass": true
        },
        "layout": [
            {
                "delta_height": 20, 
                "line_type": "gap", 
                "height": 45
            }, 
            {
                "line_type": "text",
                "height": 25,
                "delta_height": 10, 
                "fields": [
                    {
                        "field_type": "gap", 
                        "delta_width": 25, 
                        "width": 45
                    }, 
                    {
                        "field_type": "text", 
                        "cost": 1.75, 
                        "field_name": "surname", 
                        "is_optional": false,
                        "delta_width": 450, 
                        "width": 480
                    }, 
                    {
                        "field_type": "gap", 
                        "delta_width": 460, 
                        "width": 490
                    }
                ]
            },
            {
                "delta_height": 15, 
                "line_type": "gap", 
                "height": 55
            }, 
            {
                "line_type": "text",
                "height": 25,
                "delta_height": 10, 
                "fields": [
                    {
                        "field_type": "gap", 
                        "delta_width": 25, 
                        "width": 45
                    }, 
                    {
                        "field_type": "text", 
                        "cost": 1.0, 
                        "field_name": "name", 
                        "is_optional": false,
                        "delta_width": 450, 
                        "width": 480
                    }, 
                    {
                        "field_type": "gap", 
                        "delta_width": 460, 
                        "width": 490
                    }
                ]
            },
            {
                "delta_height": 15, 
                "line_type": "gap", 
                "height": 55
            }, 
            {
                "line_type": "text",
                "height": 20,
                "delta_height": 10, 
                "fields": [
                    {
                        "field_type": "gap", 
                        "delta_width": 25, 
                        "width": 45
                    }, 
                    {
                        "field_type": "text", 
                        "cost": 0.6, 
                        "field_name": "patronymic", 
                        "is_optional": true,
                        "delta_width": 480, 
                        "width": 480
                    }, 
                    {
                        "field_type": "gap", 
                        "delta_width": 460, 
                        "width": 490
                    }
                ]
            },
            {
                "delta_height": 20, 
                "line_type": "gap", 
                "height": 60
            }, 
            {
                "line_type": "text",
                "height": 25,
                "delta_height": 15, 
                "fields": [
                    {
                        "field_type": "gap", 
                        "delta_width": 25, 
                        "width": 50
                    }, 
                    {
                        "field_type": "text", 
                        "cost": 1.0, 
                        "field_name": "birth_date", 
                        "is_optional": false,
                        "delta_width": 50, 
                        "width": 150
                    }, 
                    {
                        "field_type": "gap", 
                        "delta_width": 440, 
                        "width": 490
                    }
                ]
            },
            {
                "delta_height": 25, 
                "line_type": "gap", 
                "height": 25
            }
        ], 
        "settings": {
            "grid_step_y": 1, 
            "grid_step_x": 1, 
            "gap_right": 15,
            "gap_left": 12,
            "gap_bot": 7,
            "gap_top": 7,
            "score_type": "otsu",
            "rejection_threshold": 100,

            "default_gap_dp_cost": 0.0,
            "default_gap_otsu_cost": 0.7,

            "local_otsu_window_wing": -1
        }
    }
}
