{
    "type": "dynamic",
    "settings": {    
        "processing": {
            "use_blink_removing": true, 
            "blink_removing_percent": 0.1, 
            "use_background_closing": true,
            "background_closing_wx": 4,
            "background_closing_wy": 4,
            "use_morphology_open": true,
            "morphology_open_wx": 15,
            "morphology_open_wy": 4,
            "use_morphology_close": true,
            "morphology_close_wx": 0,
            "morphology_close_wy": 10,
            "deskewer": ":/mixangler/common_deskewer.json", 
            "use_autocontrast": true,
            "autocontrast_satur_black": 0.01,
            "autocontrast_satur_white": 0.05,
            "use_saturation": true,
            "use_angle_detector": true, 
            "use_second_pass": true
        },
        "layout": [
            {
                "delta_height": 30, 
                "line_type": "gap", 
                "height": 70
            }, 
            {
                "line_type": "text",
                "height": 25,
                "delta_height": 5, 
                "fields": [
                    {
                        "field_type": "gap", 
                        "delta_width": 25, 
                        "width": 55
                    }, 
                    {
                        "field_type": "text", 
                        "cost": 1.75, 
                        "field_name": "birth_place", 
                        "is_optional": false,
                        "delta_width": 880, 
                        "width": 960
                    }, 
                    {
                        "field_type": "gap", 
                        "delta_width": 860, 
                        "width": 900
                    }
                ]
            },
            {
                "delta_height": 15, 
                "line_type": "gap", 
                "height": 45
            }, 
            {
                "line_type": "text",
                "height": 25,
                "delta_height": 5, 
                "fields": [
                    {
                        "field_type": "gap", 
                        "delta_width": 25, 
                        "width": 55
                    }, 
                    {
                        "field_type": "text", 
                        "cost": 1.0, 
                        "field_name": "nationality", 
                        "is_optional": false,
                        "delta_width": 880, 
                        "width": 960
                    }, 
                    {
                        "field_type": "gap", 
                        "delta_width": 860, 
                        "width": 900
                    }
                ]
            },
            {
                "delta_height": 15, 
                "line_type": "gap", 
                "height": 50
            }, 
            {
                "line_type": "text",
                "height": 25,
                "delta_height": 5, 
                "fields": [
                    {
                        "field_type": "gap", 
                        "delta_width": 25, 
                        "width": 55
                    }, 
                    {
                        "field_type": "text", 
                        "cost": 1.0, 
                        "field_name": "residence_1", 
                        "is_optional": false,
                        "delta_width": 880, 
                        "width": 960
                    }, 
                    {
                        "field_type": "gap", 
                        "delta_width": 940, 
                        "width": 980
                    }
                ]
            },
            {
                "delta_height": 10, 
                "line_type": "gap", 
                "height": 25
            }, 
            {
                "line_type": "text",
                "height": 25,
                "delta_height": 5, 
                "fields": [
                    {
                        "field_type": "gap", 
                        "delta_width": 25, 
                        "width": 55
                    }, 
                    {
                        "field_type": "text", 
                        "cost": 0.6, 
                        "field_name": "residence_2", 
                        "is_optional": true,
                        "delta_width": 880, 
                        "width": 960
                    }, 
                    {
                        "field_type": "gap", 
                        "delta_width": 980, 
                        "width": 980
                    }
                ]
            },
            {
                "delta_height": 50, 
                "line_type": "gap", 
                "height": 75
            }, 
            {
                "line_type": "text",
                "height": 25,
                "delta_height": 5, 
                "fields": [
                    {
                        "field_type": "gap", 
                        "delta_width": 30, 
                        "width": 55
                    }, 
                    {
                        "field_type": "text", 
                        "cost": 1.0, 
                        "field_name": "issue_authority", 
                        "is_optional": true,
                        "delta_width": 880, 
                        "width": 960
                    }, 
                    {
                        "field_type": "gap", 
                        "delta_width": 980, 
                        "width": 980
                    }
                ]
            },
            {
                "delta_height": 20, 
                "line_type": "gap", 
                "height": 50
            }, 
            {
                "line_type": "text",
                "height": 25,
                "delta_height": 5, 
                "fields": [
                    {
                        "field_type": "gap", 
                        "delta_width": 30, 
                        "width": 55
                    }, 
                    {
                        "field_type": "text", 
                        "cost": 1.0, 
                        "field_name": "issue_date", 
                        "is_optional": true,
                        "delta_width": 15, 
                        "width": 150
                    }, 
                    {
                        "field_type": "gap", 
                        "delta_width": 10, 
                        "width": 45
                    },
                    {
                        "field_type": "text", 
                        "cost": 1.0, 
                        "field_name": "expiry_date", 
                        "is_optional": true,
                        "delta_width": 15, 
                        "width": 150
                    },
                    {
                        "field_type": "gap", 
                        "delta_width": 980, 
                        "width": 980
                    }
                ]
            },
            {
                "delta_height": 30, 
                "line_type": "gap", 
                "height": 50
            }
        ], 
        "settings": {
            "grid_step_y": 1, 
            "grid_step_x": 1, 
            "gap_right": 20,
            "gap_left": 20,
            "gap_bot": 12,
            "gap_top": 12,
            "score_type": "otsu",
            "rejection_threshold": 100,

            "default_gap_dp_cost": 0.0,
            "default_gap_otsu_cost": 0.7,

            "local_otsu_window_wing": -1
        }
    }
}