{
    "type": "dynamic", 
    "settings": {
        "processing": {
            "autocontrast_satur_black": 0.00, 
            "autocontrast_satur_white": 0.05, 
            "background_closing_wx": 4, 
            "background_closing_wy": 4, 
            "blink_removing_percent": 0.1, 
            "deskewer": ":/mixlanger/common_deskewer.json", 
            "morphology_close_wx": 0, 
            "morphology_close_wy": 3, 
            "morphology_open_wx": 10, 
            "morphology_open_wy": 0, 
            "use_angle_detector": false, 
            "use_autocontrast": true,
            "use_background_closing": true, 
            "use_blink_removing": true, 
            "use_morphology_close": true, 
            "use_morphology_open": true, 
            "use_saturation": false
        }, 
        "layout": [
            {
                "delta_height": 20, 
                "line_type": "gap", 
                "height": 30
            }, 
            {
                "line_type": "text",
                "height": 21,
                "delta_height": 6, 
                "fields": [
                    {
                        "field_type": "gap", 
                        "delta_width": 20, 
                        "width": 320
                    }, 
                    {
                        "field_type": "text", 
                        "cost": 1.0, 
                        "field_name": "number", 
                        "is_optional": false,
                        "delta_width": 20, 
                        "width": 140
                    }, 
                    {
                        "field_type": "gap", 
                        "delta_width": 30, 
                        "width": 50
                    } 
                ]
            },
            {
                "delta_height": 20, 
                "line_type": "gap", 
                "height": 40
            }, 
            {
                "line_type": "text",
                "height": 18,
                "delta_height": 6, 
                "fields": [
                    {
                        "field_type": "gap", 
                        "delta_width": 20, 
                        "width": 30
                    }, 
                    {
                        "field_type": "text", 
                        "cost": 1.0, 
                        "field_name": "surname", 
                        "is_optional": false,
                        "delta_width": 300, 
                        "width": 340
                    }, 
                    {
                        "field_type": "gap", 
                        "delta_width": 350, 
                        "width": 400
                    } 
                ]
            },
            {
                "delta_height": 20, 
                "line_type": "gap", 
                "height": 40
            }, 
            {
                "line_type": "text",
                "height": 18,
                "delta_height": 6, 
                "fields": [
                    {
                        "field_type": "gap", 
                        "delta_width": 20, 
                        "width": 30
                    }, 
                    {
                        "field_type": "text", 
                        "cost": 1.0, 
                        "field_name": "name", 
                        "is_optional": false,
                        "delta_width": 300, 
                        "width": 340
                    }, 
                    {
                        "field_type": "gap", 
                        "delta_width": 350, 
                        "width": 400
                    } 
                ]
            },
            {
                "delta_height": 20, 
                "line_type": "gap", 
                "height": 40
            }, 
            {
                "line_type": "text",
                "height": 18,
                "delta_height": 6, 
                "fields": [
                    {
                        "field_type": "gap", 
                        "delta_width": 20, 
                        "width": 30
                    }, 
                    {
                        "field_type": "text", 
                        "cost": 1.0, 
                        "field_name": "nationality", 
                        "is_optional": false,
                        "delta_width": 300, 
                        "width": 340
                    }, 
                    {
                        "field_type": "gap", 
                        "delta_width": 350, 
                        "width": 400
                    } 
                ]
            },
            {
                "delta_height": 20, 
                "line_type": "gap", 
                "height": 40
            }, 
            {
                "line_type": "text",
                "height": 18,
                "delta_height": 6, 
                "fields": [
                    {
                        "field_type": "gap", 
                        "delta_width": 20, 
                        "width": 30
                    }, 
                    {
                        "field_type": "text", 
                        "cost": 1.0, 
                        "field_name": "birth_date", 
                        "is_optional": false,
                        "delta_width": 30, 
                        "width": 140
                    }, 
                    {
                        "field_type": "gap", 
                        "delta_width": 30, 
                        "width": 340
                    } 
                ]
            },
            {
                "delta_height": 20, 
                "line_type": "gap", 
                "height": 40
            }, 
            {
                "line_type": "text",
                "height": 18,
                "delta_height": 6, 
                "fields": [
                    {
                        "field_type": "gap", 
                        "delta_width": 20, 
                        "width": 30
                    }, 
                    {
                        "field_type": "text", 
                        "cost": 1.0, 
                        "field_name": "birth_place", 
                        "is_optional": false,
                        "delta_width": 250, 
                        "width": 300
                    }, 
                    {
                        "field_type": "gap", 
                        "delta_width": 250, 
                        "width": 300
                    }, 
                    {
                        "field_type": "text", 
                        "cost": 1.0, 
                        "field_name": "gender", 
                        "is_optional": false,
                        "delta_width": 70, 
                        "width": 110
                    }, 
                    {
                        "field_type": "gap", 
                        "delta_width": 70, 
                        "width": 90
                    } 
                ]
            },
            {
                "delta_height": 20, 
                "line_type": "gap", 
                "height": 40
            }, 
            {
                "line_type": "text",
                "height": 18,
                "delta_height": 6, 
                "fields": [
                    {
                        "field_type": "gap", 
                        "delta_width": 20, 
                        "width": 40
                    }, 
                    {
                        "field_type": "text", 
                        "cost": 1.0, 
                        "field_name": "issue_date", 
                        "is_optional": false,
                        "delta_width": 50, 
                        "width": 150
                    }, 
                    {
                        "field_type": "gap", 
                        "delta_width": 50, 
                        "width": 130
                    }, 
                    {
                        "field_type": "text", 
                        "cost": 1.0, 
                        "field_name": "expiry_date", 
                        "is_optional": false,
                        "delta_width": 60, 
                        "width": 160
                    }, 
                    {
                        "field_type": "gap", 
                        "delta_width": 50, 
                        "width": 150
                    } 
                ]
            },
            {
                "delta_height": 20, 
                "line_type": "gap", 
                "height": 40
            }, 
            {
                "line_type": "text",
                "height": 18,
                "delta_height": 6, 
                "fields": [
                    {
                        "field_type": "gap", 
                        "delta_width": 20, 
                        "width": 30
                    }, 
                    {
                        "field_type": "text", 
                        "cost": 1.0, 
                        "field_name": "authority0", 
                        "is_optional": false,
                        "delta_width": 400, 
                        "width": 460
                    }, 
                    {
                        "field_type": "gap", 
                        "delta_width": 380, 
                        "width": 400
                    } 
                ]
            },
            {
                "delta_height": 20, 
                "line_type": "gap", 
                "height": 30
            }, 
            {
                "line_type": "text",
                "height": 18,
                "delta_height": 6, 
                "fields": [
                    {
                        "field_type": "gap", 
                        "delta_width": 20, 
                        "width": 30
                    }, 
                    {
                        "field_type": "text", 
                        "cost": 0.6, 
                        "field_name": "authority1", 
                        "is_optional": true,
                        "delta_width": 400, 
                        "width": 470
                    }, 
                    {
                        "field_type": "gap", 
                        "delta_width": 400, 
                        "width": 400
                    } 
                ]
            },
            {
                "delta_height": 40, 
                "line_type": "gap", 
                "height": 40
            }  
           
        ],
        "settings": {
            "grid_step_y": 1, 
            "grid_step_x": 1, 
            "gap_right": 23,
            "gap_left": 8,
            "gap_bot": 8,
            "gap_top": 7,
            "score_type": "otsu",
            "rejection_threshold": 100,

            "default_gap_dp_cost": 0.0,
            "default_gap_otsu_cost": 0.7,

            "local_otsu_window_wing": -1
        }
    }
}