{
    "type": "dynamic",
    "settings": {    
        "processing": {
            "use_blink_removing": true, 
            "blink_removing_percent": 0.1, 
            "use_background_closing": true,
            "background_closing_wx": 4,
            "background_closing_wy": 4,
            "use_morphology_open": true,
            "morphology_open_wx": 3,
            "morphology_open_wy": 0,
            "use_morphology_close": false,
            "morphology_close_wx": 0,
            "morphology_close_wy": 6,
            "deskewer": ":/mixangler/common_deskewer.json", 
            "use_autocontrast": true,
            "autocontrast_satur_black": 0.01,
            "autocontrast_satur_white": 0.05,
            "use_saturation": true,
            "use_angle_detector": true, 
            "use_second_pass": true
        },
        "layout": [
            {
                "delta_height": 20, 
                "line_type": "gap", 
                "height": 30
            }, 
            {
                "line_type": "text",
                "height": 28,
                "delta_height": 7, 
                "fields": [
                    {
                        "field_type": "gap", 
                        "delta_width": 20, 
                        "width": 40
                    }, 
                    {
                        "field_type": "text", 
                        "cost": 1.0, 
                        "field_name": "surname_raw", 
                        "is_optional": false,
                        "delta_width": 400, 
                        "width": 500
                    }, 
                    {
                        "field_type": "gap", 
                        "delta_width": 450, 
                        "width": 500
                    }
                ]
            },
            {
                "delta_height": 15, 
                "line_type": "gap", 
                "height": 30
            }, 
            {
                "line_type": "text",
                "height": 28,
                "delta_height": 7, 
                "fields": [
                    {
                        "field_type": "gap", 
                        "delta_width": 20, 
                        "width": 40
                    }, 
                    {
                        "field_type": "text", 
                        "cost": 1.0, 
                        "field_name": "name_and_patronymic_raw", 
                        "is_optional": false,
                        "delta_width": 400, 
                        "width": 530
                    }, 
                    {
                        "field_type": "gap", 
                        "delta_width": 490, 
                        "width": 500
                    }
                ]
            },
           {
                "delta_height": 15, 
                "line_type": "gap", 
                "height": 30
            }, 
            {
                "line_type": "text",
                "height": 28,
                "delta_height": 7, 
                "fields": [
                    {
                        "field_type": "gap", 
                        "delta_width": 20, 
                        "width": 40
                    }, 
                    {
                        "field_type": "text", 
                        "cost": 1.0, 
                        "field_name": "birth_date_and_place_raw", 
                        "is_optional": false,
                        "delta_width": 450, 
                        "width": 500
                    }, 
                    {
                        "field_type": "gap", 
                        "delta_width": 450, 
                        "width": 500
                    }
                ]
            },
           {
                "delta_height": 15, 
                "line_type": "gap", 
                "height": 30
            }, 
            {
                "line_type": "text",
                "height": 25,
                "delta_height": 6, 
                "fields": [
                    {
                        "field_type": "gap", 
                        "delta_width": 20, 
                        "width": 60
                    }, 
                    {
                        "field_type": "text", 
                        "cost": 1.0, 
                        "field_name": "issue_date", 
                        "is_optional": false,
                        "delta_width": 30, 
                        "width": 130
                    }, 
                    {
                        "field_type": "gap", 
                        "delta_width": 20, 
                        "width": 90
                    }, 
                    {
                        "field_type": "text", 
                        "cost": 1.0, 
                        "field_name": "expiry_date", 
                        "is_optional": false,
                        "delta_width": 30, 
                        "width": 130
                    }, 
                    {
                        "field_type": "gap", 
                        "delta_width": 30, 
                        "width": 240
                    }
                ]
            },
           {
                "delta_height": 15, 
                "line_type": "gap", 
                "height": 30
            }, 
            {
                "line_type": "text",
                "height": 25,
                "delta_height": 6, 
                "fields": [
                    {
                        "field_type": "gap", 
                        "delta_width": 20, 
                        "width": 60
                    }, 
                    {
                        "field_type": "text", 
                        "cost": 1.0, 
                        "field_name": "authority", 
                        "is_optional": false,
                        "delta_width": 200, 
                        "width": 300
                    }, 
                    {
                        "field_type": "gap", 
                        "delta_width": 300, 
                        "width": 440
                    }
                ]
            },
           {
                "delta_height": 15, 
                "line_type": "gap", 
                "height": 15
            }, 
            {
                "line_type": "text",
                "height": 25,
                "delta_height": 6, 
                "fields": [
                    {
                        "field_type": "gap", 
                        "delta_width": 20, 
                        "width": 60
                    }, 
                    {
                        "field_type": "text", 
                        "cost": 1.0, 
                        "field_name": "authority_eng", 
                        "is_optional": false,
                        "delta_width": 200, 
                        "width": 300
                    }, 
                    {
                        "field_type": "gap", 
                        "delta_width": 300, 
                        "width": 440
                    }
                ]
            },
           {
                "delta_height": 15, 
                "line_type": "gap", 
                "height": 15
            }, 
            {
                "line_type": "text",
                "height": 25,
                "delta_height": 6, 
                "fields": [
                    {
                        "field_type": "gap", 
                        "delta_width": 20, 
                        "width": 60
                    }, 
                    {
                        "field_type": "text", 
                        "cost": 1.0, 
                        "field_name": "inn", 
                        "is_optional": false,
                        "delta_width": 30, 
                        "width": 270
                    }, 
                    {
                        "field_type": "gap", 
                        "delta_width": 30, 
                        "width": 300
                    }
                ]
            },
           {
                "delta_height": 15, 
                "line_type": "gap", 
                "height": 15
            }, 
            {
                "line_type": "text",
                "height": 25,
                "delta_height": 6, 
                "fields": [
                    {
                        "field_type": "gap", 
                        "delta_width": 20, 
                        "width": 50
                    }, 
                    {
                        "field_type": "text", 
                        "cost": 1.0, 
                        "field_name": "number", 
                        "is_optional": false,
                        "delta_width": 30, 
                        "width": 200
                    }, 
                    {
                        "field_type": "gap", 
                        "delta_width": 30, 
                        "width": 360
                    }
                ]
            },
           {
                "delta_height": 15, 
                "line_type": "gap", 
                "height": 20
            }
        ], 
        "settings": {
            "grid_step_y": 1, 
            "grid_step_x": 1, 
            "gap_right": 12,
            "gap_left": 7,
            "gap_bot": 7,
            "gap_top": 7,
            "score_type": "otsu",
            "rejection_threshold": 100,

            "default_gap_dp_cost": 0.0,
            "default_gap_otsu_cost": 0.7,

            "local_otsu_window_wing": -1
        }
    }
}