{
    "type": "dynamic",
    "settings": {    
        "processing": {
            "use_blink_removing": true, 
            "blink_removing_percent": 0.1, 
            "use_background_closing": true,
            "background_closing_wx": 4,
            "background_closing_wy": 4,
            "use_morphology_open": true,
            "morphology_open_wx": 5,
            "morphology_open_wy": 0,
            "use_morphology_close": true,
            "morphology_close_wx": 0,
            "morphology_close_wy": 6,
            "deskewer": ":/mixangler/common_deskewer.json", 
            "use_autocontrast": true,
            "autocontrast_satur_black": 0.01,
            "autocontrast_satur_white": 0.05,
            "use_saturation": true,
            "use_angle_detector": true, 
            "use_second_pass": true
        },
        "layout": [
            {
                "delta_height": 20, 
                "line_type": "gap", 
                "height": 30
            }, 
            {
                "line_type": "text",
                "height": 28,
                "delta_height": 10, 
                "fields": [
                    {
                        "field_type": "gap", 
                        "delta_width": 20, 
                        "width": 30
                    }, 
                    {
                        "field_type": "text", 
                        "cost": 1.0, 
                        "field_name": "surname_raw", 
                        "is_optional": false,
                        "delta_width": 400, 
                        "width": 420
                    }, 
                    {
                        "field_type": "gap", 
                        "delta_width": 370, 
                        "width": 400
                    }
                ]
            },
            {
                "delta_height": 15, 
                "line_type": "gap", 
                "height": 30
            }, 
            {
                "line_type": "text",
                "height": 28,
                "delta_height": 10, 
                "fields": [
                    {
                        "field_type": "gap", 
                        "delta_width": 20, 
                        "width": 30
                    }, 
                    {
                        "field_type": "text", 
                        "cost": 1.0, 
                        "field_name": "name_and_patronymic_raw", 
                        "is_optional": false,
                        "delta_width": 400, 
                        "width": 420
                    }, 
                    {
                        "field_type": "gap", 
                        "delta_width": 370, 
                        "width": 400
                    }
                ]
            },
           {
                "delta_height": 15, 
                "line_type": "gap", 
                "height": 30
            }, 
            {
                "line_type": "text",
                "height": 28,
                "delta_height": 10, 
                "fields": [
                    {
                        "field_type": "gap", 
                        "delta_width": 20, 
                        "width": 30
                    }, 
                    {
                        "field_type": "text", 
                        "cost": 1.0, 
                        "field_name": "birth_date_and_place_raw", 
                        "is_optional": false,
                        "delta_width": 400, 
                        "width": 420
                    }, 
                    {
                        "field_type": "gap", 
                        "delta_width": 370, 
                        "width": 400
                    }
                ]
            },
           {
                "delta_height": 15, 
                "line_type": "gap", 
                "height": 30
            } 
        ], 
        "settings": {
            "grid_step_y": 1, 
            "grid_step_x": 1, 
            "gap_right": 7,
            "gap_left": 15,
            "gap_bot": 7,
            "gap_top": 7,
            "score_type": "otsu",
            "rejection_threshold": 100,

            "default_gap_dp_cost": 0.0,
            "default_gap_otsu_cost": 0.7,

            "local_otsu_window_wing": -1
        }
    }
}