{
    "type": "common",
    "settings": {
        "processing": {
            "use_background_closing": true,
            "background_closing_wx": 8,
            "background_closing_wy": 8,
            "use_morphology_open": true,
            "morphology_open_wx": 20,
            "morphology_open_wy": 5,
            "use_morphology_close": false,
            "morphology_close_wx": 5,
            "morphology_close_wy": 5,
            "use_autocontrast": true,
            "autocontrast_satur_black": 0.00,
            "autocontrast_satur_white": 0.50,
            "use_saturation": true
        },
        "settings": {
            "max_v_size": 30,
            "min_v_size": 15,
            "min_h_size": 1,
            "min_h_gap": 10,
            "step_x": 15,
            "step_y": 5
        },
        "layout": [ 
            {
                "objects": [
                    {
                        "name": "entries_number"
                    },
                    {"is_optional":true}
                ]
            },
            {
                "objects": [
                    {
                        "name": "duration"
                    }
                ]
            }
        ]
    }
}
