{
    "type": "common",
    "settings": {    
        "processing": {
            "use_background_closing": true,
            "background_closing_wx": 4,
            "background_closing_wy": 4,
            "use_morphology_open": true,
            "morphology_open_wx": 10,
            "morphology_open_wy": 5,
            "use_morphology_close": true,
            "morphology_close_wx": 0,
            "morphology_close_wy": 3,
            "use_autocontrast": true,
            "autocontrast_satur_black": 0,
            "autocontrast_satur_white": 0.55,
            "use_saturation": true
        },
        "settings": {
            "max_v_size": 30,
            "min_v_size": 16,
            "min_h_size": 10,
            "min_h_gap": 15,
            "step_x": 10,
            "step_y": 10
        },
        "layout": [
            {
                "objects": [
                    {
                        "name": "volume"
                    }
                ]
            },
            {
                "objects": [
                    {
                        "name": "max_weight"
                    },
                    {"is_optional": true}
                ]
            },
            {
                "objects": [
                    {
                        "name": "weight"
                    },
                    {"is_optional": true}
                ]
            }
        ]
    }
}