{
    "descriptors": {
        "descriptor_size": 37,
        "descriptors_path": "kaz_id_type2_back_common_2.bst.desc"
    },
    "boosting_params": [
        {
            "weight": 0.038113064712998911965,
            "threshold": 58
        },
        {
            "weight": 0.035865820788934951735,
            "threshold": 51
        },
        {
            "weight": 0.033171258991656078774,
            "threshold": 59
        },
        {
            "weight": 0.035446328389965357786,
            "threshold": 49
        },
        {
            "weight": 0.034991059406894578498,
            "threshold": 52
        },
        {
            "weight": 0.02300081729581291215,
            "threshold": 58
        },
        {
            "weight": 0.020416850390363745077,
            "threshold": 61
        },
        {
            "weight": 0.024049103033724910511,
            "threshold": 62
        },
        {
            "weight": 0.021888167516628424109,
            "threshold": 55
        },
        {
            "weight": 0.02336038761961755153,
            "threshold": 67
        },
        {
            "weight": 0.021737637852367680535,
            "threshold": 56
        },
        {
            "weight": 0.024054419155252630691,
            "threshold": 65
        },
        {
            "weight": 0.019487225417725816123,
            "threshold": 42
        },
        {
            "weight": 0.020983349499353948914,
            "threshold": 68
        },
        {
            "weight": 0.01962489590830780381,
            "threshold": 53
        },
        {
            "weight": 0.021855628167059833189,
            "threshold": 53
        },
        {
            "weight": 0.020491924519804492755,
            "threshold": 64
        },
        {
            "weight": 0.015981656828971371048,
            "threshold": 65
        },
        {
            "weight": 0.018051785351064792567,
            "threshold": 67
        },
        {
            "weight": 0.020947742229214666443,
            "threshold": 69
        },
        {
            "weight": 0.019174074333287705746,
            "threshold": 58
        },
        {
            "weight": 0.017222179957676983508,
            "threshold": 51
        },
        {
            "weight": 0.015437801307568532402,
            "threshold": 74
        },
        {
            "weight": 0.016150429165738715287,
            "threshold": 62
        },
        {
            "weight": 0.013184265101014988608,
            "threshold": 69
        },
        {
            "weight": 0.015439059251055950103,
            "threshold": 60
        },
        {
            "weight": 0.018128152616841718137,
            "threshold": 48
        },
        {
            "weight": 0.01416818916443863749,
            "threshold": 54
        },
        {
            "weight": 0.013079574612187035501,
            "threshold": 74
        },
        {
            "weight": 0.013147977794041370778,
            "threshold": 69
        },
        {
            "weight": 0.013367553663303203063,
            "threshold": 76
        },
        {
            "weight": 0.014262441807000921651,
            "threshold": 59
        },
        {
            "weight": 0.013810731365750211069,
            "threshold": 64
        },
        {
            "weight": 0.012826480796358620887,
            "threshold": 59
        },
        {
            "weight": 0.013079306988334602271,
            "threshold": 66
        },
        {
            "weight": 0.011190770901686734884,
            "threshold": 55
        },
        {
            "weight": 0.014385217170287369765,
            "threshold": 79
        },
        {
            "weight": 0.011352491818128813972,
            "threshold": 61
        },
        {
            "weight": 0.012458224760279315579,
            "threshold": 55
        },
        {
            "weight": 0.011225312034766283045,
            "threshold": 57
        },
        {
            "weight": 0.0088508130824912698009,
            "threshold": 71
        },
        {
            "weight": 0.010745178873602979214,
            "threshold": 51
        },
        {
            "weight": 0.011964254192217780443,
            "threshold": 82
        },
        {
            "weight": 0.0084535576449840145463,
            "threshold": 67
        },
        {
            "weight": 0.0088803427967467582493,
            "threshold": 77
        },
        {
            "weight": 0.010960136784655178169,
            "threshold": 60
        },
        {
            "weight": 0.0090883782082300974825,
            "threshold": 64
        },
        {
            "weight": 0.012105104889219430939,
            "threshold": 59
        },
        {
            "weight": 0.009532905286159019595,
            "threshold": 64
        },
        {
            "weight": 0.0093611141387084095822,
            "threshold": 61
        },
        {
            "weight": 0.0087092214463128838492,
            "threshold": 65
        },
        {
            "weight": 0.010400406622471240412,
            "threshold": 65
        },
        {
            "weight": 0.0086102035442425020606,
            "threshold": 77
        },
        {
            "weight": 0.0082497796594297716916,
            "threshold": 46
        },
        {
            "weight": 0.007954894591940767784,
            "threshold": 44
        },
        {
            "weight": 0.0096555848645892752152,
            "threshold": 77
        },
        {
            "weight": 0.008934551014700671881,
            "threshold": 59
        },
        {
            "weight": 0.010492868390127745026,
            "threshold": 59
        },
        {
            "weight": 0.0070342747225284295298,
            "threshold": 64
        },
        {
            "weight": 0.0078456065599950778472,
            "threshold": 71
        },
        {
            "weight": 0.0083616636016042075047,
            "threshold": 85
        },
        {
            "weight": 0.0087079961198513831239,
            "threshold": 64
        },
        {
            "weight": 0.010190633715554809138,
            "threshold": 72
        },
        {
            "weight": 0.0083011715641681978195,
            "threshold": 74
        }
    ]
}
