{
    "descriptors": {
        "descriptor_size": 37,
        "descriptors_path": "kaz_residence_type1_front_common_0.bst.desc"
    },
    "boosting_params": [
        {
            "weight": 0.034181573519128705119,
            "threshold": 51
        },
        {
            "weight": 0.036203572505563559603,
            "threshold": 42
        },
        {
            "weight": 0.032375976741900999722,
            "threshold": 58
        },
        {
            "weight": 0.030244965967593927247,
            "threshold": 69
        },
        {
            "weight": 0.01919246086665380574,
            "threshold": 50
        },
        {
            "weight": 0.019103734806394184753,
            "threshold": 63
        },
        {
            "weight": 0.022285439998377124665,
            "threshold": 48
        },
        {
            "weight": 0.023815144990553059612,
            "threshold": 52
        },
        {
            "weight": 0.022715711815496853615,
            "threshold": 51
        },
        {
            "weight": 0.021136806775823274718,
            "threshold": 56
        },
        {
            "weight": 0.021309091380524034648,
            "threshold": 71
        },
        {
            "weight": 0.019263980970186736497,
            "threshold": 65
        },
        {
            "weight": 0.01778338679983641063,
            "threshold": 64
        },
        {
            "weight": 0.019600740545712893453,
            "threshold": 68
        },
        {
            "weight": 0.016956050279558362859,
            "threshold": 72
        },
        {
            "weight": 0.017848590251389327005,
            "threshold": 77
        },
        {
            "weight": 0.015333329670711813922,
            "threshold": 70
        },
        {
            "weight": 0.014670906893534516394,
            "threshold": 46
        },
        {
            "weight": 0.018295180562100686605,
            "threshold": 61
        },
        {
            "weight": 0.015369549607795707571,
            "threshold": 50
        },
        {
            "weight": 0.018190576737737714635,
            "threshold": 53
        },
        {
            "weight": 0.017566616383924180816,
            "threshold": 69
        },
        {
            "weight": 0.016926230183652007238,
            "threshold": 64
        },
        {
            "weight": 0.014799194402973246676,
            "threshold": 68
        },
        {
            "weight": 0.01519179513690598407,
            "threshold": 50
        },
        {
            "weight": 0.014935654516671994715,
            "threshold": 75
        },
        {
            "weight": 0.014033894475749651362,
            "threshold": 71
        },
        {
            "weight": 0.012584768029075089207,
            "threshold": 49
        },
        {
            "weight": 0.01556909604998821077,
            "threshold": 46
        },
        {
            "weight": 0.015637327649517522576,
            "threshold": 73
        },
        {
            "weight": 0.014591356480383071634,
            "threshold": 66
        },
        {
            "weight": 0.015885087319423774749,
            "threshold": 68
        },
        {
            "weight": 0.01530858771860562316,
            "threshold": 62
        },
        {
            "weight": 0.017203442400977406873,
            "threshold": 54
        },
        {
            "weight": 0.014425393777224846878,
            "threshold": 64
        },
        {
            "weight": 0.012639695186872322574,
            "threshold": 64
        },
        {
            "weight": 0.014276671060886887005,
            "threshold": 76
        },
        {
            "weight": 0.010670205652418902204,
            "threshold": 61
        },
        {
            "weight": 0.012485977410068882162,
            "threshold": 62
        },
        {
            "weight": 0.010899245232799214048,
            "threshold": 64
        },
        {
            "weight": 0.013298970775456518678,
            "threshold": 77
        },
        {
            "weight": 0.012577473895185063701,
            "threshold": 57
        },
        {
            "weight": 0.011845191698652548715,
            "threshold": 69
        },
        {
            "weight": 0.010478733051920522193,
            "threshold": 71
        },
        {
            "weight": 0.013105543397138617878,
            "threshold": 49
        },
        {
            "weight": 0.012215668140375331857,
            "threshold": 64
        },
        {
            "weight": 0.010842841093512755463,
            "threshold": 73
        },
        {
            "weight": 0.01109252234426189726,
            "threshold": 54
        },
        {
            "weight": 0.011332938778824864709,
            "threshold": 78
        },
        {
            "weight": 0.012752367062135602782,
            "threshold": 50
        },
        {
            "weight": 0.0094442324402371248537,
            "threshold": 79
        },
        {
            "weight": 0.011131924335527586256,
            "threshold": 63
        },
        {
            "weight": 0.011698726590402604847,
            "threshold": 65
        },
        {
            "weight": 0.010468002930295332645,
            "threshold": 43
        },
        {
            "weight": 0.010873155941206701786,
            "threshold": 86
        },
        {
            "weight": 0.010629229651873198237,
            "threshold": 81
        },
        {
            "weight": 0.012509659054290361499,
            "threshold": 72
        },
        {
            "weight": 0.010387597894182049735,
            "threshold": 77
        },
        {
            "weight": 0.010564893387146345044,
            "threshold": 53
        },
        {
            "weight": 0.0099663728539376283261,
            "threshold": 49
        },
        {
            "weight": 0.010630124054090894434,
            "threshold": 76
        },
        {
            "weight": 0.0093807674513562491758,
            "threshold": 63
        },
        {
            "weight": 0.011552426636423140938,
            "threshold": 62
        },
        {
            "weight": 0.009713625786874359111,
            "threshold": 77
        }
    ]
}
