{
    "descriptors": {
        "descriptor_size": 37,
        "descriptors_path": "kaz_residence_type1_front_common_3.bst.desc"
    },
    "boosting_params": [
        {
            "weight": 0.061566223430096128633,
            "threshold": 77
        },
        {
            "weight": 0.052234323394325772594,
            "threshold": 67
        },
        {
            "weight": 0.039717117119379356793,
            "threshold": 77
        },
        {
            "weight": 0.034921149347479057967,
            "threshold": 58
        },
        {
            "weight": 0.034408799440997762942,
            "threshold": 59
        },
        {
            "weight": 0.03583473272564496187,
            "threshold": 72
        },
        {
            "weight": 0.026136962090316642748,
            "threshold": 67
        },
        {
            "weight": 0.024003688032086214349,
            "threshold": 77
        },
        {
            "weight": 0.02525835391462039406,
            "threshold": 54
        },
        {
            "weight": 0.022597259857753265733,
            "threshold": 70
        },
        {
            "weight": 0.021522380998735275714,
            "threshold": 67
        },
        {
            "weight": 0.020058300200764767052,
            "threshold": 79
        },
        {
            "weight": 0.022620919064864571796,
            "threshold": 68
        },
        {
            "weight": 0.022703460195013232953,
            "threshold": 58
        },
        {
            "weight": 0.021264525593217321886,
            "threshold": 80
        },
        {
            "weight": 0.023070814589307504089,
            "threshold": 83
        },
        {
            "weight": 0.016377716074014874587,
            "threshold": 62
        },
        {
            "weight": 0.017122416326114803242,
            "threshold": 72
        },
        {
            "weight": 0.016570578323894032124,
            "threshold": 65
        },
        {
            "weight": 0.014678954566860545616,
            "threshold": 80
        },
        {
            "weight": 0.014664390261058148426,
            "threshold": 52
        },
        {
            "weight": 0.017005200225857938084,
            "threshold": 73
        },
        {
            "weight": 0.013680906958156508618,
            "threshold": 72
        },
        {
            "weight": 0.012206044598682689456,
            "threshold": 74
        },
        {
            "weight": 0.012118828897601362921,
            "threshold": 60
        },
        {
            "weight": 0.01169241157260817246,
            "threshold": 57
        },
        {
            "weight": 0.013273358194390710851,
            "threshold": 79
        },
        {
            "weight": 0.011211348954322221394,
            "threshold": 59
        },
        {
            "weight": 0.012757515812559074367,
            "threshold": 77
        },
        {
            "weight": 0.010168938731647198317,
            "threshold": 81
        },
        {
            "weight": 0.0098262337419874092037,
            "threshold": 79
        },
        {
            "weight": 0.010793292798335896859,
            "threshold": 69
        },
        {
            "weight": 0.01497423563921879662,
            "threshold": 69
        },
        {
            "weight": 0.01132512410087669133,
            "threshold": 61
        },
        {
            "weight": 0.010831655098905488763,
            "threshold": 75
        },
        {
            "weight": 0.0095034374138637522922,
            "threshold": 73
        },
        {
            "weight": 0.012460807529817728712,
            "threshold": 82
        },
        {
            "weight": 0.010726545443980261066,
            "threshold": 65
        },
        {
            "weight": 0.01277970376363224414,
            "threshold": 60
        },
        {
            "weight": 0.0096158484476588351048,
            "threshold": 82
        },
        {
            "weight": 0.0090029114134195491886,
            "threshold": 92
        },
        {
            "weight": 0.010934551356432953284,
            "threshold": 37
        },
        {
            "weight": 0.011393152132120122275,
            "threshold": 83
        },
        {
            "weight": 0.0088670762719482709713,
            "threshold": 65
        },
        {
            "weight": 0.010656441913328313156,
            "threshold": 70
        },
        {
            "weight": 0.0092408034752243187887,
            "threshold": 78
        },
        {
            "weight": 0.0097707741384178772859,
            "threshold": 71
        },
        {
            "weight": 0.0089013359540942044862,
            "threshold": 58
        },
        {
            "weight": 0.0089138643716737200884,
            "threshold": 80
        },
        {
            "weight": 0.0088105288414866075875,
            "threshold": 85
        },
        {
            "weight": 0.0092659333765609547956,
            "threshold": 64
        },
        {
            "weight": 0.0089675053590049583208,
            "threshold": 75
        },
        {
            "weight": 0.008183091423294361344,
            "threshold": 71
        },
        {
            "weight": 0.0084855769431831686023,
            "threshold": 75
        },
        {
            "weight": 0.0076914334063248150641,
            "threshold": 70
        },
        {
            "weight": 0.0065955551797915856066,
            "threshold": 69
        },
        {
            "weight": 0.0082554992290723334947,
            "threshold": 71
        },
        {
            "weight": 0.0069924918479896402967,
            "threshold": 68
        },
        {
            "weight": 0.0084001332842855592348,
            "threshold": 77
        },
        {
            "weight": 0.0075782242652196168259,
            "threshold": 83
        },
        {
            "weight": 0.0057961068706350021146,
            "threshold": 68
        },
        {
            "weight": 0.0086979810870388765687,
            "threshold": 67
        },
        {
            "weight": 0.007366177727890749205,
            "threshold": 79
        },
        {
            "weight": 0.0069483466609147528231,
            "threshold": 62
        }
    ]
}
