{
    "descriptors": {
        "descriptor_size": 37,
        "descriptors_path": "kaz_residence_type1_front_common_2.bst.desc"
    },
    "boosting_params": [
        {
            "weight": 0.049287699318195890563,
            "threshold": 56
        },
        {
            "weight": 0.045361374470066724574,
            "threshold": 43
        },
        {
            "weight": 0.030145885077832636906,
            "threshold": 51
        },
        {
            "weight": 0.033050720329462525415,
            "threshold": 54
        },
        {
            "weight": 0.020753876752195147409,
            "threshold": 69
        },
        {
            "weight": 0.025216104633745812375,
            "threshold": 49
        },
        {
            "weight": 0.025379495012103587409,
            "threshold": 51
        },
        {
            "weight": 0.021221524349270371596,
            "threshold": 77
        },
        {
            "weight": 0.01819035027706937882,
            "threshold": 69
        },
        {
            "weight": 0.018824480276730826828,
            "threshold": 62
        },
        {
            "weight": 0.018242882055382284023,
            "threshold": 73
        },
        {
            "weight": 0.013964603741940284296,
            "threshold": 74
        },
        {
            "weight": 0.016867813821162400828,
            "threshold": 51
        },
        {
            "weight": 0.019028831834940775763,
            "threshold": 67
        },
        {
            "weight": 0.016629196087390170355,
            "threshold": 61
        },
        {
            "weight": 0.015166889340341400266,
            "threshold": 46
        },
        {
            "weight": 0.017181022740735851784,
            "threshold": 72
        },
        {
            "weight": 0.017615983041100832796,
            "threshold": 84
        },
        {
            "weight": 0.015469115258990424888,
            "threshold": 63
        },
        {
            "weight": 0.017120347064740800563,
            "threshold": 61
        },
        {
            "weight": 0.01597249123458509279,
            "threshold": 63
        },
        {
            "weight": 0.015845746567982179481,
            "threshold": 58
        },
        {
            "weight": 0.017092246200026244007,
            "threshold": 67
        },
        {
            "weight": 0.015321967229621766618,
            "threshold": 86
        },
        {
            "weight": 0.014429405102896470173,
            "threshold": 56
        },
        {
            "weight": 0.016847173898628314131,
            "threshold": 60
        },
        {
            "weight": 0.019757199335769495135,
            "threshold": 63
        },
        {
            "weight": 0.015352559976584941384,
            "threshold": 50
        },
        {
            "weight": 0.012955127660074273327,
            "threshold": 67
        },
        {
            "weight": 0.014274145097254537992,
            "threshold": 62
        },
        {
            "weight": 0.012805351782431570462,
            "threshold": 49
        },
        {
            "weight": 0.010862825850350229032,
            "threshold": 70
        },
        {
            "weight": 0.014216846528503537805,
            "threshold": 58
        },
        {
            "weight": 0.013245284053048150472,
            "threshold": 62
        },
        {
            "weight": 0.013249534035749490485,
            "threshold": 59
        },
        {
            "weight": 0.012211165933924706187,
            "threshold": 60
        },
        {
            "weight": 0.010674487013611424352,
            "threshold": 72
        },
        {
            "weight": 0.012591906782261174172,
            "threshold": 63
        },
        {
            "weight": 0.0094559514712727089913,
            "threshold": 64
        },
        {
            "weight": 0.013460046231034448333,
            "threshold": 61
        },
        {
            "weight": 0.011437544588150366093,
            "threshold": 52
        },
        {
            "weight": 0.011454449948483670305,
            "threshold": 81
        },
        {
            "weight": 0.01224366459170859664,
            "threshold": 56
        },
        {
            "weight": 0.013436098383449036897,
            "threshold": 87
        },
        {
            "weight": 0.011831691669243837514,
            "threshold": 56
        },
        {
            "weight": 0.011561764283021351563,
            "threshold": 63
        },
        {
            "weight": 0.010484916486478016232,
            "threshold": 90
        },
        {
            "weight": 0.011354978838388247661,
            "threshold": 53
        },
        {
            "weight": 0.012491685830872947469,
            "threshold": 67
        },
        {
            "weight": 0.0099633218265794826207,
            "threshold": 68
        },
        {
            "weight": 0.0099030621869947762365,
            "threshold": 83
        },
        {
            "weight": 0.012639114753942993011,
            "threshold": 55
        },
        {
            "weight": 0.010709426737108816013,
            "threshold": 73
        },
        {
            "weight": 0.010281698878388756402,
            "threshold": 75
        },
        {
            "weight": 0.010832873222995654736,
            "threshold": 71
        },
        {
            "weight": 0.011065187179724135513,
            "threshold": 72
        },
        {
            "weight": 0.010618303066222209083,
            "threshold": 62
        },
        {
            "weight": 0.01175601919031219432,
            "threshold": 76
        },
        {
            "weight": 0.011226551178555107743,
            "threshold": 66
        },
        {
            "weight": 0.011510868600185332478,
            "threshold": 48
        },
        {
            "weight": 0.0089976304288913663831,
            "threshold": 91
        },
        {
            "weight": 0.0089330816966752511765,
            "threshold": 47
        },
        {
            "weight": 0.010417349038774953093,
            "threshold": 61
        },
        {
            "weight": 0.0095090599258437283336,
            "threshold": 80
        }
    ]
}
