{
  "linesgm": {
    "settings": {
      "allowable_expand": 1.3, 
      "blines_padding": 0.2, 
      "font_depth": {
        " ": [0.25, 0.5], 
        "/": [0.25, 0.5], 
        "~": [0.5, 1.25], 
        "МЩШЖ": [1.0, 1.5]
      }, 
      "layer_applier": {"nn_path": "cuts_nn/sgm_rus_eng.pb"}, 
      "ocrengine": {
        "settings": {
          "autocontrast": false, 
          "recognizer_path": "netdata/final/synthetic/kaz/kaz_110_punct.pb"
        }, 
        "type": "native"
      }, 
      "padding_x": 0.04, 
      "padding_y": 0.11, 
      "sgm_nn_weight": 0.5, 
      "vert_correction": true
    }, 
    "type": "simple"
  }, 
  "normalize_spaces": true
}