{
  "normalize_spaces": true, 
  "linesgm": {
    "type": "simple", 
    "settings": {
      "allowable_expand": 1.3, 
      "blines_padding": 0.1, 
      "sgm_nn_weight": 0.5, 
      "layer_applier": {
        "nn_path": "cuts_nn/sgm_rus.pb"
      }, 
      "ocrengine": {
        "type": "native", 
        "settings": {
          "recognizer_path": "netdata/final/synthetic/digits/dig_001_date.pb", 
          "autocontrast": true
        }
      }, 
      "vert_correction": false, 
      "padding_x": 0.07, 
      "padding_y": 0.07, 
      "font_depth": [
        [
          0.2, 
          1.5
        ]
      ]
    }
  }
}