{
  "linesgm": {
    "settings": {
      "allowable_expand": 1.3, 
      "blines_padding": 0.125, 
      "font_depth": [[0.3, 1.5]], 
      "layer_applier": {"nn_path": "cuts_nn/sgm_rus_eng.pb"}, 
      "ocrengine": {
        "settings": {
          "autocontrast": false, 
          "recognizer_path": "netdata/final/synthetic/digits/dig_001.pb"
        }, 
        "type": "native"
      }, 
      "padding_x": 0.02, 
      "padding_y": 0.07, 
      "sgm_nn_weight": 0.5, 
      "vert_correction": false
    }, 
    "type": "simple"
  }, 
  "normalize_spaces": true
}