{
  "type": "mrz_wrdgen_docnumber",
  "settings" : {
    "data_field_name": "number_mrz",
    "type_field_name": "__type__",
    "issuer_field_name":"issuer_mrz",
    "with_cd": true,
    "cd_field_name": "cd_number_mrz",
    "wrdgen_depth": 200,
    "substitution_weight": 0.9,
    "rare_substitution_weight": 0.1,
    "check_control_digit": true,
    "dictionary_sets":{
      "mrz.mrp":{
          "is_letter_O_forbidden": false,
          "lengthOfPattern": 9,
          "issuers" : {
            "D<<" : {"patterns":["#########", "@********"], "isLetterOForbidden" : false},
            "NLD" : {"patterns":["@^^^^^^^^"]},
            "RUS" : {"patterns":["#########"]},
            "GBR" : {"patterns":["#########"]},
            "USA" : {"patterns":["#########", "@####### "]},
            "PAK" : {"patterns":["@@#######"]},
            "CHN" : {"patterns":["^^#######"]},
            "TWN" : {"patterns":["^########"]},
            "FRA" : {"patterns":["##@@#####"]},
            "ESP" : {"patterns":["^********"]},
            "GRC" : {"patterns":["@@#######"]},
            "HRV" : {"patterns":["#########"]}
       		}
      	},
        "mrz.mrvb" : {
          "is_letter_O_forbidden": true,
          "lengthOfPattern": 9,
          "issuers" : {
            "AUT":  {"patterns":["A########", "#########"]},
            "CHE" : {"patterns":["CHE######", "#########"]},
            "CYP" : {"patterns":["CY#######", "#########"]},
            "CZE" : {"patterns":["CZ#######", "EB#######", "#########"]},
            "D<<" : {"patterns":["D########", "#########"]},
            "FRA" : {"patterns":["F########", "#########"]},
            "ITA" : {"patterns":["I########", "#########"]},
            "PRT" : {"patterns":["P########", "#########"]},
            "LVA" : {"patterns":["#########"]},
            "FIN" : {"patterns":["#######??"]},
            "ESP" : {"patterns":["^^^??????"]},
            "ISL" : {"patterns":["^^^??????"]}
	        }
	      },
        "mrz.mrva" : {
          "is_letter_O_forbidden": true,
          "lengthOfPattern": 9,
          "issuers" : {
            "AUT":  {"patterns":["A########", "#########"]},
            "CHE" : {"patterns":["CHE######", "#########"]},
            "CYP" : {"patterns":["CY#######", "#########"]},
            "CZE" : {"patterns":["CZ#######", "EB#######", "#########"]},
            "D<<" : {"patterns":["D########", "#########"]},
            "FRA" : {"patterns":["F########", "#########"]},
            "ITA" : {"patterns":["I########", "#########"]},
            "PRT" : {"patterns":["P########", "#########"]},
            "LVA" : {"patterns":["#########"]},
            "FIN" : {"patterns":["#######??"]},
            "ESP" : {"patterns":["^^^??????"]},
            "ISL" : {"patterns":["^^^??????"]},
            "JPN" : {"patterns":["*********"]}
          }
        },
        "mrz.td1":{
          "is_letter_O_forbidden": false,
          "lengthOfPattern": 9,
          "issuers" : {
            "USA" : {"patterns":["^########"]},
            "MEX" : {"patterns":["#########"]},
            "MLT" : {"patterns":["#######??"]},
            "ARE" : {"patterns":["#########"]}
        	}
      	},
        "mrz.fra.id" : {
          "is_letter_O_forbidden": false,
          "lengthOfPattern": 12,
          "issuers" : {
       	    "FRA":{"patterns":["####***#####"]}
          }        
      	},
      	"mrz.td2" : {
          "is_letter_O_forbidden": false,
          "lengthOfPattern": 9,
          "issuers" : {
            "D<<":{"patterns":["#########"]}
          }
    	},
    	"mrz.rus.visa" : {
    	  "is_letter_O_forbidden": false,
          "lengthOfPattern": 12,
          "issuers" : {}
    	},
    	"mrz.rus.passport" : {
    	  "is_letter_O_forbidden": true,
          "lengthOfPattern": 9,
          "issuers" : {
            "RUS":{"patterns":["#########"]}
          }
    	},
      "mrz.bgr.vrd" : {
        "is_letter_O_forbidden": true,
          "lengthOfPattern": 9,
          "issuers" : {
            "BGR":{"patterns":["#########"]}
          }
      }
    }
  }
}
