{ 
  "settings": [{
    "min_scale": 3.0, 
    "max_scale": 7.0, 
    "step_scale": 0.3, 
    "step_x": 5, 
    "step_y": 5,
    "left_margin": 14,
    "right_margin": 14,
    "top_margin": 50,
    "bottom_margin": 50,
    "min_cluster_size": 30, 
    "min_only_cluster_size": 27,
    "photo_cl": "face_35x35.pb"
    },
    {
    "min_scale": 4.0, 
    "max_scale": 7.0,
    "step_scale": 0.5, 
    "step_x": 5,
    "step_y": 5,
    "left_margin": 0,
    "right_margin": 0,
    "top_margin": 0,
    "bottom_margin": 0,
    "min_cluster_size": 7, 
    "min_only_cluster_size": 4,
    "photo_cl": "face_41x51.pb"
  }]
}

