{
  "kaz.drvlic.type2": {
    "(documentation)": {
      "description": "Kazakh Driving License (chip on the right and Kazakh flag in the top-left corner, front)", 
      "name": "Kazakh Driving License"
    }, 
    "expected_templates": ["kaz.drvlic.type2:front"], 
    "output_fields": [
      "number", 
      "photo", 
      "signature", 
      "surname", 
      "name", 
      "patronymic", 
      "birth_date", 
      "birth_place", 
      "issue_date", 
      "expiry_date", 
      "authority", 
      "inn"
    ], 
    "postprocessors": [
      {
        "input_fields": ["birth_date"], 
        "postprocessor": ":/postprocessor/date/default_birth_date_DDMMYYYY_postprocessor.json"
      }, 
      {
        "input_fields": ["issue_date"], 
        "postprocessor": ":/postprocessor/date/default_issue_date_DDMMYYYY_postprocessor.json"
      }, 
      {
        "input_fields": ["expiry_date"], 
        "postprocessor": ":/postprocessor/date/default_expiry_date_DDMMYYYY_postprocessor.json"
      }, 
      {
        "input_fields": ["inn"], 
        "postprocessor": "postprocessors/inn_postprocessor.json"
      }, 
      {
        "input_fields": ["number"], 
        "postprocessor": "postprocessors/drvlic_number_postprocessor.json"
      }, 
      {
        "input_fields": ["birth_place"], 
        "postprocessor": "postprocessors/drvlic_birth_place_postprocessor.json"
      }, 
      {
        "input_fields": ["authority"], 
        "postprocessor": "postprocessors/drvlic_authority_postprocessor.json"
      }
    ], 
    "rejectors": {"__default__": ":/rejector/default_loyal_rejector.json"}, 
    "templates": {"kaz.drvlic.type2:front": {"path": "tpl__kaz.drvlic.type2.front.json"}}
  }
}
