{
  "kaz.vrc.type1": {
    "(documentation)": {
      "description": "Kazakhstan Vehicle Registration Certificate (KZ sign on the top, back)", 
      "name": "Kazakhstan Vehicle Registration Certificate"
    },     
    "expected_templates": [], 
    "output_fields": [
      "volume", 
      "max_weight", 
      "weight", 
      "number", 
      "number_back", 
      "body", 
      "color", 
      "reg_number", 
      "model", 
      "year", 
      "category", 
      "surname", 
      "surname_back", 
      "name", 
      "name_back", 
      "patronymic", 
      "patronymic_back", 
      "engine", 
      "chassis", 
      "region", 
      "district", 
      "city", 
      "street", 
      "building", 
      "apartment", 
      "note", 
      "issue_date"
    ], 
    "postprocessors": [
      {
        "input_fields": ["number"], 
        "postprocessor": "postprocessors/vrc_number_postprocessor.json"
      }, 
      {
        "input_fields": ["number_back"], 
        "postprocessor": "postprocessors/vrc_number_postprocessor.json"
      }, 
      {
        "input_fields": ["body"], 
        "postprocessor": "postprocessors/strings_replacer_O_0.json"
      }, 
      {
        "input_fields": ["reg_number"], 
        "postprocessor": "postprocessors/strings_replacer_O_0.json"
      }, 
      {
        "input_fields": ["year"], 
        "postprocessor": "postprocessors/vrc_year_postprocessor.json"
      }, 
      {
        "input_fields": ["category"], 
        "postprocessor": "postprocessors/vrc_category_postprocessor.json"
      }, 
      {
        "input_fields": ["model"], 
        "postprocessor": "postprocessors/strings_replacer_no_punct.json"
      }, 
      {
        "input_fields": ["color"], 
        "postprocessor": "postprocessors/strings_replacer_no_punct.json"
      }, 
      {
        "input_fields": ["model"], 
        "postprocessor": ":/postprocessor/spaces_stripper.json"
      }, 
      {
        "input_fields": ["color"], 
        "postprocessor": ":/postprocessor/spaces_stripper.json"
      }, 
      {
        "input_fields": ["model"], 
        "postprocessor": ":/postprocessor/symbols_and_digits_replacer.json"
      }, 
      {
        "input_fields": ["engine"], 
        "postprocessor": "postprocessors/strings_replacer_O_0.json"
      }, 
      {
        "input_fields": ["chassis"], 
        "postprocessor": "postprocessors/strings_replacer_O_0.json"
      }, 
      {
        "input_fields": ["issue_day", "issue_month", "issue_year"], 
        "output_fields": ["issue_day", "issue_month", "issue_year", "issue_date"], 
        "postprocessor": "postprocessors/vrc_issue_date_postprocessor.json"
      }
    ], 
    "rejectors": {"__default__": ":/rejector/default_loyal_rejector.json"}, 
    "templates": {
      "kaz.vrc.type1:back": {"path": "tpl__kaz.vrc.type1.back.json"}, 
      "kaz.vrc.type1:front": {"path": "tpl__kaz.vrc.type1.front.json"}
    }
  }
}
