{
  "kaz.id.type2": {
    "(documentation)": {
      "description": "Kazakh ID Card (Kazakh flag in the down-right corner, front)", 
      "name": "Kazakh ID Card",
      "prado_link": "http://www.consilium.europa.eu/prado/en/KAZ-BO-02001/index.html"
    }, 
    "expected_templates": [],
    "output_fields": [
      "surname", 
      "name", 
      "photo", 
      "signature", 
      "number", 
      "patronymic", 
      "inn", 
      "birth_date", 
      "birth_place", 
      "nationality", 
      "issue_authority", 
      "issue_date", 
      "expiry_date", 
      "mrz_line_1", 
      "mrz_line_2", 
      "mrz_line_3", 
      "full_mrz", 
      "number_mrz", 
      "opt_data_1_mrz", 
      "birth_date_mrz", 
      "gender_mrz", 
      "expiry_date_mrz", 
      "nationality_mrz", 
      "last_name_mrz", 
      "first_name_mrz", 
      "last_name_mrz"
    ], 
    "postprocessors": [
      ":/postprocessor/mrz/mrz_postprocessor_slot.json", 
      ":/postprocessor/mrz/mrz_renaming_slot_notype.json", 
      {
        "input_fields": ["issue_date"], 
        "postprocessor": ":/postprocessor/date/default_issue_date_DDMMYYYY_postprocessor.json"
      }, 
      {
        "input_fields": ["birth_date"], 
        "postprocessor": ":/postprocessor/date/default_birth_date_DDMMYYYY_postprocessor.json"
      }, 
      {
        "input_fields": ["expiry_date"], 
        "postprocessor": ":/postprocessor/date/default_expiry_date_DDMMYYYY_postprocessor.json"
      }, 
      {
        "input_fields": ["number"], 
        "postprocessor": ":/postprocessor/alphabet/digits_only_number_postprocessor.json"
      }, 
      {
        "input_fields": ["inn"], 
        "postprocessor": "postprocessors/inn_postprocessor.json"
      }, 
      {
        "input_fields": ["patronymic"], 
        "postprocessor": ":/postprocessor/alphabet/kaz_letters_alphabet_postprocessor.json"
      }, 
      {
        "input_fields": ["surname"], 
        "postprocessor": ":/postprocessor/alphabet/kaz_letters_alphabet_postprocessor.json"
      }, 
      {
        "input_fields": ["name"], 
        "postprocessor": ":/postprocessor/alphabet/kaz_letters_alphabet_postprocessor.json"
      }, 
      {
        "input_fields": ["nationality"], 
        "postprocessor": ":/postprocessor/alphabet/kaz_letters_alphabet_postprocessor.json"
      }, 
      {
        "input_fields": ["nationality"],
        "formatter": ":/postprocessor/punctuation_filter.json"
      },
      {
        "input_fields": ["birth_place"], 
        "postprocessor": ":/postprocessor/alphabet/kaz_letters_alphabet_postprocessor.json"
      }, 
      {
        "input_fields": ["issue_authority"], 
        "postprocessor": ":/postprocessor/alphabet/kaz_letters_alphabet_postprocessor.json"
      }, 
      {
        "input_fields": ["name"], 
        "postprocessor": "postprocessors/strings_replacer.json"
      }, 
      {
        "input_fields": ["surname"], 
        "postprocessor": "postprocessors/strings_replacer.json"
      }, 
      {
        "input_fields": ["patronymic"], 
        "postprocessor": "postprocessors/strings_replacer.json"
      }, 
      {
        "input_fields": ["birth_place"], 
        "postprocessor": "postprocessors/strings_replacer.json"
      }, 
      {
        "input_fields": ["nationality"], 
        "postprocessor": "postprocessors/strings_replacer.json"
      }, 
      {
        "input_fields": ["residence"], 
        "postprocessor": "postprocessors/strings_replacer.json"
      }, 
      {
        "input_fields": ["residence"], 
        "postprocessor": "postprocessors/address_postprocessor.json"
      },
      {
        "input_fields": ["issue_authority"], 
        "postprocessor": "postprocessors/strings_replacer.json"
      }
    ], 
    "rejectors": {
      "__default__": ":/rejector/default_loyal_rejector.json"
    }, 
    "templates": {
      "kaz.id.type2:back": {
        "path": "tpl__kaz.id.type2.back.json"
      }, 
      "kaz.id.type2:front1": {
        "path": "tpl__kaz.id.type2.front1.json"
      }, 
      "kaz.id.type2:front2": {
        "path": "tpl__kaz.id.type2.front2.json"
      }, 
      "kaz.id.type2:residence_front1": {
        "path": "tpl__kaz.id.type2.residence_front1.json"
      }, 
      "kaz.id.type2:residence_front2": {
        "path": "tpl__kaz.id.type2.residence_front2.json"
      }
    }
  }
}