{
  "kaz.visa.type1": {
    "(documentation)": {
      "description": "Kazakhstan Visa (contour of Kazakhstan in the top-left corner)", 
      "name": "Kazakhstan Visa"
    },     
    "expected_templates": [], 
    "output_fields": [
      "number",
      "fee",
      "invitation",
      "issue_date", 
      "passport_number", 
      "photo", 
      "duration",
      "entries_number",
      "entry_date", 
      "until_date",
      "issue_place", 
      "name", 
      "type",
      "remarks",
      "full_mrz", 
      "first_name_mrz", 
      "last_name_mrz", 
      "number_mrz", 
      "nationality_mrz", 
      "birth_date_mrz", 
      "gender_mrz", 
      "expiry_date_mrz", 
      "opt_data_2_mrz"
    ], 
    "postprocessors": [
      ":/postprocessor/mrz/mrz_postprocessor_slot.json", 
      ":/postprocessor/mrz/mrz_renaming_slot_notype.json", 
      {
        "input_fields": ["issue_date"], 
        "postprocessor": ":/postprocessor/date/default_issue_date_DDMMYYYY_postprocessor.json"
      }, 
      {
        "input_fields": ["entry_date"], 
        "postprocessor": ":/postprocessor/date/default_expiry_date_DDMMYYYY_postprocessor.json"
      }, 
      {
        "input_fields": ["until_date"], 
        "postprocessor": ":/postprocessor/date/default_expiry_date_DDMMYYYY_postprocessor.json"
      }, 
      {
        "input_fields": ["entries_number"], 
        "postprocessor": "postprocessors/visa_enumber_postprocessor.json"
      }
    ], 
    "rejectors": {"__default__": ":/rejector/default_loyal_rejector.json"}, 
    "templates": {
       "kaz.visa.type1": {"path": "tpl__kaz.visa.type1.json"}
    }
  }
}