{
  "kaz.drvlic.type1": {
    "(documentation)": {
      "description": "Kazakh Driving License (stamp with car on the middle, front)", 
      "name": "Kazakh Driving License",
      "prado_link": "http://www.consilium.europa.eu/prado/en/KAZ-FO-01001/index.html"
    }, 
    "expected_templates": ["kaz.drvlic.type1:front"], 
    "output_fields": [
      "number", 
      "residence", 
      "residence_eng", 
      "issue_date", 
      "expiry_date", 
      "photo", 
      "signature", 
      "surname", 
      "name_and_patronymic", 
      "name", 
      "patronymic", 
      "birth_date_and_place", 
      "birth_date", 
      "birth_place"
    ], 
    "postprocessors": [
      {
        "input_fields": ["surname_raw"], 
        "output_fields": ["surname"], 
        "postprocessor": "postprocessors/drvlic_surname_postprocessor.json"
      }, 
      {
        "input_fields": ["birth_date_and_place_raw"], 
        "output_fields": ["birth_date_and_place", "birth_date", "birth_place"], 
        "postprocessor": "postprocessors/drvlic_birth_date_and_place_postprocessor.json"
      }, 
      {
        "input_fields": ["inn"], 
        "postprocessor": "postprocessors/inn_postprocessor.json"
      }
    ], 
    "rejectors": {"__default__": ":/rejector/default_loyal_rejector.json"}, 
    "templates": {"kaz.drvlic.type1:front": {"path": "tpl__kaz.drvlic.type1.front.json"}}
  }
}
