{
  "kaz.passport.type2": {
    "(documentation)": {
      "description": "Kazakh Passport (Kazakh emblem on the bottom, main page)", 
      "name": "Kazakh Passport",
      "prado_link": "http://www.consilium.europa.eu/prado/en/KAZ-AD-03001/index.html"
    }, 
    "expected_templates": ["kaz.passport.type2:main"], 
    "output_fields": [
      "issue_date", 
      "surname", 
      "name", 
      "gender", 
      "number", 
      "expiry_date", 
      "photo", 
      "birth_date", 
      "authority", 
      "nationality", 
      "birth_place", 
      "mrz_line_1", 
      "mrz_line_2", 
      "full_mrz", 
      "first_name_mrz", 
      "last_name_mrz", 
      "number_mrz", 
      "nationality_mrz", 
      "birth_date_mrz", 
      "gender_mrz", 
      "expiry_date_mrz", 
      "opt_data_2_mrz",
      "check_dates"
    ], 
    "postprocessors": [
      ":/postprocessor/mrz/mrz_postprocessor_slot.json", 
      ":/postprocessor/mrz/mrz_renaming_slot_notype.json", 
      {
        "input_fields": [
          "birth_date"
        ], 
        "postprocessor": ":/postprocessor/date/default_birth_date_DDMMYYYY_postprocessor.json"
      }, 
      {
        "input_fields": [
          "issue_date"
        ], 
        "postprocessor": ":/postprocessor/date/default_issue_date_DDMMYYYY_postprocessor.json"
      }, 
      {
        "input_fields": [
          "expiry_date"
        ], 
        "postprocessor": ":/postprocessor/date/default_expiry_date_DDMMYYYY_postprocessor.json"
      }, 
      {
        "input_fields": [
          "gender"
        ], 
        "postprocessor": ":/postprocessor/dict/male_female.json"
      }, 
      {
        "input_fields": [
          "number"
        ], 
        "postprocessor": "postprocessors/pass_t2_number_postprocessor.json"
      }, 
      {
        "input_fields": [
          "authority"
        ], 
        "postprocessor": ":/postprocessor/alphabet/eng_letters_alphabet_postprocessor.json"
      }, 
      {
        "input_fields": [
          "nationality"
        ], 
        "postprocessor": ":/postprocessor/alphabet/eng_letters_alphabet_postprocessor.json"
      }, 
      {
        "input_fields": [
          "authority"
        ], 
        "postprocessor": "postprocessors/authority_postprocessor.json"
      }, 
      {
        "input_fields": [
          "birth_place"
        ], 
        "postprocessor": ":/postprocessor/alphabet/eng_letters_alphabet_postprocessor.json"
      },
      {
        "allow_incomplete_inputs": true, 
        "input_fields": [
          "birth_date", 
          "birth_date_mrz", 
          "issue_date",
          "issue_date_mrz",
          "expiry_date",
          "expiry_date_mrz"
        ],
        "output_fields": [
          "check_dates"
        ], 
        "postprocessor": ":/postprocessor/check_dates_postprocessor.json"
      }
    ], 
    "rejectors": {
      "__default__": ":/rejector/default_loyal_rejector.json"
    }, 
    "templates": {
      "kaz.passport.type2:main": {
        "path": "tpl__kaz.passport.type2.main.json"
      }
    }
  }
}