{
  "kaz.drvlic.type1:front": {
    "config": "templates/kaz.drvlic.type1.front.common.json", 
    "expected_fields": [
      "issue_date", 
      "residence", 
      "number", 
      "surname_raw", 
      "expiry_date", 
      "residence_eng", 
      "birth_date_and_place_raw"
    ], 
    "fields": {
      "birth_date_and_place_raw": {
        "scale": 2.0, 
        "workflow": {
          "settings": {
            "deshearer": ":/mixangler/dummy_deshearer.json", 
            "recstr": ":/recstr/kaz.drvlic__kaz_symdig_recstr.json"
          }, 
          "type": "common"
        }
      }, 
      "expiry_date": {
        "scale": 2.0, 
        "workflow": {
          "settings": {
            "deshearer": ":/mixangler/dummy_deshearer.json", 
            "recstr": ":/recstr/kaz.drvlic__date_recstr.json"
          }, 
          "type": "common"
        }
      }, 
      "issue_date": {
        "scale": 2.0, 
        "workflow": {
          "settings": {
            "deshearer": ":/mixangler/dummy_deshearer.json", 
            "recstr": ":/recstr/kaz.drvlic__date_recstr.json"
          }, 
          "type": "common"
        }
      }, 
      "name_and_patronymic_raw": {
        "scale": 2.0, 
        "workflow": {
          "settings": {
            "deshearer": ":/mixangler/dummy_deshearer.json", 
            "recstr": ":/recstr/kaz.drvlic__kaz_sym_recstr.json"
          }, 
          "type": "common"
        }
      }, 
      "number": {
        "scale": 2.0, 
        "workflow": {
          "settings": {
            "deshearer": ":/mixangler/dummy_deshearer.json", 
            "recstr": ":/recstr/kaz.drvlic__number_recstr.json"
          }, 
          "type": "common"
        }
      }, 
      "photo": {"workflow": {"settings": {}, "type": "image"}}, 
      "residence": {
        "scale": 2.0, 
        "workflow": {
          "settings": {
            "deshearer": ":/mixangler/dummy_deshearer.json", 
            "recstr": ":/recstr/kaz.drvlic__kaz_sym_recstr.json"
          }, 
          "type": "common"
        }
      }, 
      "residence_eng": {
        "scale": 2.0, 
        "workflow": {
          "settings": {
            "deshearer": ":/mixangler/dummy_deshearer.json", 
            "recstr": ":/recstr/kaz.drvlic__eng_sym_recstr.json"
          }, 
          "type": "common"
        }
      }, 
      "signature": {"workflow": {"settings": {}, "type": "image"}}, 
      "surname_raw": {
        "scale": 2.0, 
        "workflow": {
          "settings": {
            "deshearer": ":/mixangler/dummy_deshearer.json", 
            "recstr": ":/recstr/kaz.drvlic__kaz_sym_recstr.json"
          }, 
          "type": "common"
        }
      }
    }, 
    "formatters": [
      {
        "formatter": ":/postprocessor/dummy_postprocessor.json", 
        "input_fields": ["number"]
      }, 
      {
        "formatter": ":/postprocessor/dummy_postprocessor.json", 
        "input_fields": ["residence"]
      }, 
      {
        "formatter": ":/postprocessor/dummy_postprocessor.json", 
        "input_fields": ["residence_eng"]
      }, 
      {
        "formatter": ":/postprocessor/date/default_issue_date_DDMMYYYY_formatter.json", 
        "input_fields": ["issue_date"]
      }, 
      {
        "formatter": ":/postprocessor/date/default_expiry_date_DDMMYYYY_formatter.json", 
        "input_fields": ["expiry_date"]
      }, 
      {
        "formatter": ":/postprocessor/dummy_postprocessor.json", 
        "input_fields": ["surname_raw"]
      }, 
      {
        "formatter": ":/postprocessor/punctuation_stripper.json", 
        "input_fields": ["name_and_patronymic_raw"]
      }, 
      {
        "formatter": {
          "settings": {
            "input_field": "name_and_patronymic_raw", 
            "output_fields_sequence": ["name_and_patronymic", "name_and_patronymic_eng"], 
            "separator": "/"
          }, 
          "type": "splitter"
        }, 
        "input_fields": ["name_and_patronymic_raw"], 
        "output_fields": ["name_and_patronymic", "name_and_patronymic_eng"]
      }, 
      {
        "formatter": ":/postprocessor/punctuation_stripper.json", 
        "input_fields": ["name_and_patronymic"]
      }, 
      {
        "formatter": {
          "settings": {
            "input_field": "name_and_patronymic", 
            "output_fields_sequence": ["name", "patronymic"], 
            "separator": " "
          }, 
          "type": "splitter"
        }, 
        "input_fields": ["name_and_patronymic"], 
        "output_fields": ["name", "patronymic"]
      }, 
      {
        "formatter": ":/postprocessor/dummy_postprocessor.json", 
        "input_fields": ["birth_date_and_place_raw"]
      }
    ], 
    "image_integrators": {"__default__": ":/integrator/default_image_integrator.json"}, 
    "integrators": {"__default__": ":/integrator/default_rover_integrator.json"}, 
    "size": [856, 540], 
    "zones": {
      "data": {
        "rect": [301, 141, 289, 175], 
        "workflow": {
          "settings": {"vertsgm": "vertsgm/new_drvlic_type1.json"}, 
          "type": "common"
        }
      },
      "data2": {
        "rect": [41, 384, 493, 121], 
        "workflow": {
          "settings": {"vertsgm": "vertsgm/new_drvlic_type1_2.json"}, 
          "type": "common"
        }
      },
      "number": {
        "rect": [15, 89, 259, 55], 
        "workflow": {
          "settings": {"vertsgm": "vertsgm/new_drvlic_type1_num.json"}, 
          "type": "common"
        }
      },    
      "photo_zone": {
        "rect": [595, 110, 235, 335], 
        "workflow": {
          "settings": {"output_field_name": "photo"}, 
          "type": "image_retriever"
        }
      }, 
      "signature_zone": {
        "rect": [305, 310, 130, 75], 
        "workflow": {
          "settings": {"output_field_name": "signature"}, 
          "type": "image_retriever"
        }
      }
    }
  }
}