{
  "kaz.visa.type1": {
    "config": "templates/kaz.visa.type1.common.json", 
    "expected_fields": [
      "number",      
      "invitation",
      "issue_date", 
      "passport_number", 
      "photo", 
      "fee",
      "duration",
      "entries_number",
      "entry_date", 
      "until_date",
      "issue_place", 
      "name", 
      "type",
      "remarks",
      "full_mrz", 
      "first_name_mrz", 
      "last_name_mrz", 
      "number_mrz", 
      "nationality_mrz", 
      "birth_date_mrz", 
      "gender_mrz", 
      "expiry_date_mrz", 
      "opt_data_2_mrz"
    ], 
    "fields": {
      "number": {
        "scale": 2.0, 
        "workflow": {
          "settings": {"recstr": ":/recstr/uzb_visa_number_recst.json"}, 
          "type": "common"
        }
      }, 
      "entry_date": {
        "scale": 2.0, 
        "workflow": {
          "settings": {"recstr": ":/recstr/uzb_visa_date_recstr.json"}, 
          "type": "common"
        }
      }, 
      "until_date": {
        "scale": 2.0, 
        "workflow": {
          "settings": {"recstr": ":/recstr/uzb_visa_date_recstr.json"}, 
          "type": "common"
        }
      }, 
      "type": {
        "scale": 2.0, 
        "workflow": {
          "settings": {"recstr": ":/recstr/uzb_visa_remarks_recstr.json"}, 
          "type": "common"
        }
      }, 
      "fee": {
        "scale": 2.0, 
        "workflow": {
          "settings": {"recstr": ":/recstr/uzb_visa_remarks_recstr.json"}, 
          "type": "common"
        }
      }, 
      "duration": {
        "scale": 2.0, 
        "workflow": {
          "settings": {"recstr": ":/recstr/uzb_visa_number_recst.json"}, 
          "type": "common"
        }
      }, 
      "entries_number": {
        "scale": 2.0, 
        "workflow": {
          "settings": {"recstr": ":/recstr/uzb_visa_number_recst.json"}, 
          "type": "common"
        }
      }, 
      "issue_place": {
        "scale": 2.0, 
        "workflow": {
          "settings": {"recstr": ":/recstr/uzb_visa_remarks_recstr.json"}, 
          "type": "common"
        }
      }, 
      "issue_date": {
        "scale": 2.0, 
        "workflow": {
          "settings": {"recstr": ":/recstr/uzb_visa_date_recstr.json"}, 
          "type": "common"
        }
      }, 
      "invitation": {
        "scale": 2.0, 
        "workflow": {
          "settings": {"recstr": ":/recstr/kaz_visa_text_rus_recstr.json"}, 
          "type": "common"
        }
      }, 
      "name": {
        "scale": 2.0, 
        "workflow": {
          "settings": {"recstr": ":/recstr/uzb_visa_fio_recstr.json"}, 
          "type": "common"
        }
      }, 
      "passport_number": {
        "scale": 2.0, 
        "workflow": {
          "settings": {"recstr": ":/recstr/uzb_visa_remarks_recstr.json"}, 
          "type": "common"
        }
      }, 
      "remarks0": {
        "scale": 2.0, 
        "workflow": {
          "settings": {"recstr": ":/recstr/uzb_visa_remarks_recstr.json"}, 
          "type": "common"
        }
      }, 
      "remarks1": {
        "scale": 2.0, 
        "workflow": {
          "settings": {"recstr": ":/recstr/uzb_visa_remarks_recstr.json"}, 
          "type": "common"
        }
      }, 
      "remarks2": {
        "scale": 2.0, 
        "workflow": {
          "settings": {"recstr": ":/recstr/uzb_visa_remarks_recstr.json"}, 
          "type": "common"
        }
      }, 
      "remarks3": {
        "scale": 2.0, 
        "workflow": {
          "settings": {"recstr": ":/recstr/uzb_visa_remarks_recstr.json"}, 
          "type": "common"
        }
      }, 
      "mrz2_line1": {"workflow": {"type": "dummy"}}, 
      "mrz2_line2": {"workflow": {"type": "dummy"}}, 
      "photo": {"workflow": {"settings": {}, "type": "image"}}
    }, 
    "formatters": [
      ":/postprocessor/mrz/mrz_formatter_slot.json", 
      {"formatter": ":/postprocessor/spaces_filter.json", "input_fields": ["passport_number"]}, 
      {"formatter": ":/postprocessor/punctuation_filter.json", "input_fields": ["number"]}, 
      {"formatter": ":/postprocessor/punctuation_filter.json", "input_fields": ["entries_number"]}, 
      {"formatter": ":/postprocessor/punctuation_filter.json", "input_fields": ["duration"]}, 
      {"formatter": ":/postprocessor/punctuation_filter.json", "input_fields": ["type"]}, 
      {"formatter": ":/postprocessor/date/default_expiry_date_DDMMYYYY_formatter.json", "input_fields": ["entry_date"]}, 
      {"formatter": ":/postprocessor/date/default_expiry_date_DDMMYYYY_formatter.json", "input_fields": ["until_date"]},
      {"formatter": ":/postprocessor/date/default_issue_date_DDMMYYYY_formatter.json", "input_fields": ["issue_date"]}, 
      {
        "allow_incomplete_inputs": true, 
        "formatter": {
          "settings": {
            "input_fields_sequence": ["remarks0", "remarks1","remarks2","remarks3"], 
            "output_field": "remarks", 
            "separator": " "
          }, 
          "type": "merge"
        }, 
        "input_fields": ["remarks0", "remarks1","remarks2", "remarks3"], 
        "output_fields": ["remarks"]
      }
    ], 
    "image_integrators": {"__default__": ":/integrator/default_image_integrator.json"}, 
    "integrators": {
      "__default__": ":/integrator/default_rover_integrator.json", 
      "entry_date": ":/integrator/default_token_integrator.json", 
      "until_date": ":/integrator/default_token_integrator.json", 
      "full_mrz": ":/integrator/default_mrz_integrator.json", 
      "issue_date": ":/integrator/default_token_integrator.json"
    }, 
    "size": [1050, 740], 
    "zones": {
      "mrz_zone": {
        "rect": [0, 235, 1250, 645], 
        "workflow": {
          "settings": {
            "engine_settings_path": ":/mrz-data/mrzapi_engine.json", 
            "mrz_search_tplfinder": ":/mrz-data/mrz_tplfinder_config_anywhere.json", 
            "perform_mrz_search": true, 
            "supported_document_types": ["mrz.mrvb"]
          }, 
          "type": "mrz"
        }
      },  
      "number_zone": {
        "rect": [780, 210, 260, 70], 
        "workflow": {
          "settings": {
            "extract_field_images": true, 
            "img_processor": {
              "settings": {"satur_coef": 1.5}, 
              "type": "satur_suppress"
            }, 
            "zone_processor": {
              "settings": {"vertsgm": "vertsgm/visa_type1_number.json"}, 
              "type": "common"
            }
          }, 
          "type": "with_preprocessing"
        }
      },
      "type_zone": {
        "rect": [40, 250, 160, 40], 
        "workflow": {
          "settings": {
            "extract_field_images": true, 
            "img_processor": {
              "settings": {"satur_coef": 1.5}, 
              "type": "satur_suppress"
            }, 
            "zone_processor": {
              "settings": {"vertsgm": "vertsgm/visa_type1_type.json"}, 
              "type": "common"
            }
          }, 
          "type": "with_preprocessing"
        }
      },
      "fee_zone": {
        "rect": [310, 440, 160, 60], 
        "workflow": {
          "settings": {
            "extract_field_images": true, 
            "img_processor": {
              "settings": {"satur_coef": 1.5}, 
              "type": "satur_suppress"
            }, 
            "zone_processor": {
              "settings": {"vertsgm": "vertsgm/visa_type1_fee.json"}, 
              "type": "common"
            }
          }, 
          "type": "with_preprocessing"
        }
      },
      "name_zone": {
        "rect": [10, 350, 1030, 80], 
        "workflow": {
          "settings": {
            "extract_field_images": true, 
            "img_processor": {
              "settings": {"satur_coef": 1.5}, 
              "type": "satur_suppress"
            }, 
            "zone_processor": {
              "settings": {"vertsgm": "vertsgm/visa_type1_name.json"}, 
              "type": "common"
            }
          }, 
          "type": "with_preprocessing"
        }
      },
      "entry_date_zone": {
        "rect": [340, 130, 200, 40], 
        "workflow": {
          "settings": {
            "extract_field_images": true, 
            "img_processor": {
              "settings": {"satur_coef": 1.5}, 
              "type": "satur_suppress"
            }, 
            "zone_processor": {
              "settings": {"vertsgm": "vertsgm/visa_type1_entry_date.json"}, 
              "type": "common"
            }
          }, 
          "type": "with_preprocessing"
        }
      },
      "until_date_zone": {
        "rect": [340, 200, 160, 40], 
        "workflow": {
          "settings": {
            "extract_field_images": true, 
            "img_processor": {
              "settings": {"satur_coef": 1.5}, 
              "type": "satur_suppress"
            }, 
            "zone_processor": {
              "settings": {"vertsgm": "vertsgm/visa_type1_until_date.json"}, 
              "type": "common"
            }
          }, 
          "type": "with_preprocessing"
        }
      },
      "issue_date_zone": {
        "rect": [60, 310, 190, 50], 
        "workflow": {
          "settings": {
            "extract_field_images": true, 
            "img_processor": {
              "settings": {"satur_coef": 1.5}, 
              "type": "satur_suppress"
            }, 
            "zone_processor": {
              "settings": {"vertsgm": "vertsgm/visa_type1_issue_date.json"}, 
              "type": "common"
            }
          }, 
          "type": "with_preprocessing"
        }
      },
      "entries_zone": {
        "rect": [30, 190, 190, 50], 
        "workflow": {
          "settings": {
            "extract_field_images": true, 
            "img_processor": {
              "settings": {"satur_coef": 1.5}, 
              "type": "satur_suppress"
            }, 
            "zone_processor": {
              "settings": {"vertsgm": "vertsgm/visa_type1_entries.json"}, 
              "type": "common"
            }
          }, 
          "type": "with_preprocessing"
        }
      },
      "issue_place_zone": {
        "rect": [20, 120, 280, 50], 
        "workflow": {
          "settings": {
            "extract_field_images": true, 
            "img_processor": {
              "settings": {"satur_coef": 1.5}, 
              "type": "satur_suppress"
            }, 
            "zone_processor": {
              "settings": {"vertsgm": "vertsgm/visa_type1_issue_place_zone.json"}, 
              "type": "common"
            }
          }, 
          "type": "with_preprocessing"
        }
      },
      "passport_number_zone": {
        "rect": [40, 440, 250, 50], 
        "workflow": {
          "settings": {
            "extract_field_images": true, 
            "img_processor": {
              "settings": {"satur_coef": 1.5}, 
              "type": "satur_suppress"
            }, 
            "zone_processor": {
              "settings": {"vertsgm": "vertsgm/visa_type1_passport_number_zone.json"}, 
              "type": "common"
            }
          }, 
          "type": "with_preprocessing"
        }
      },
      "invitation_zone": {
        "rect": [310, 250, 390, 60], 
        "workflow": {
          "settings": {
            "extract_field_images": true, 
            "img_processor": {
              "settings": {"satur_coef": 1.5}, 
              "type": "satur_suppress"
            }, 
            "zone_processor": {
              "settings": {"vertsgm": "vertsgm/visa_type1_invitation_zone.json"}, 
              "type": "common"
            }
          }, 
          "type": "with_preprocessing"
        }
      },
      "remarks_zone": {
        "rect": [310, 310, 420, 80], 
        "workflow": {
          "settings": {
            "extract_field_images": true, 
            "img_processor": {
              "settings": {"satur_coef": 1.5}, 
              "type": "satur_suppress"
            }, 
            "zone_processor": {
              "settings": {"vertsgm": "vertsgm/visa_type1_remarks.json"}, 
              "type": "common"
            }
          }, 
          "type": "with_preprocessing"
        }
      }
    }
  }
}