{
  "kaz.drvlic.type2:front": {
    "config": "templates/kaz.drvlic.type2.front.common.json", 
    "expected_fields": [
      "issue_date", 
      "surname", 
      "name", 
      "number", 
      "authority", 
      "patronymic", 
      "inn", 
      "expiry_date", 
      "birth_place", 
      "birth_date"
    ], 
    "fields": {
      "authority": {
        "scale": 2.0, 
        "workflow": {
          "settings": {
            "deshearer": ":/mixangler/dummy_deshearer.json", 
            "recstr": ":/recstr/kaz.drvlic__kaz_symdig_recstr.json"
          }, 
          "type": "common"
        }
      }, 
      "authority_eng": {
        "scale": 2.0, 
        "workflow": {
          "settings": {
            "deshearer": ":/mixangler/dummy_deshearer.json", 
            "recstr": ":/recstr/kaz.drvlic__eng_sym_recstr.json"
          }, 
          "type": "common"
        }
      }, 
      "birth_date_and_place_raw": {
        "scale": 2.0, 
        "workflow": {
          "settings": {
            "deshearer": ":/mixangler/dummy_deshearer.json", 
            "recstr": ":/recstr/kaz.drvlic__kaz_symdig_recstr.json"
          }, 
          "type": "common"
        }
      }, 
      "expiry_date": {
        "scale": 2.0, 
        "workflow": {
          "settings": {
            "deshearer": ":/mixangler/dummy_deshearer.json", 
            "recstr": ":/recstr/kaz.drvlic__date_recstr.json"
          }, 
          "type": "common"
        }
      }, 
      "inn": {
        "scale": 2.0, 
        "workflow": {
          "settings": {
            "deshearer": ":/mixangler/dummy_deshearer.json", 
            "recstr": ":/recstr/kaz.id__digits_recstr.json"
          }, 
          "type": "common"
        }
      }, 
      "issue_date": {
        "scale": 2.0, 
        "workflow": {
          "settings": {
            "deshearer": ":/mixangler/dummy_deshearer.json", 
            "recstr": ":/recstr/kaz.drvlic__date_recstr.json"
          }, 
          "type": "common"
        }
      }, 
      "name_and_patronymic_raw": {
        "scale": 2.0, 
        "workflow": {
          "settings": {
            "deshearer": ":/mixangler/dummy_deshearer.json", 
            "recstr": ":/recstr/kaz.drvlic__kaz_sym_recstr.json"
          }, 
          "type": "common"
        }
      }, 
      "number": {
        "scale": 2.0, 
        "workflow": {
          "settings": {
            "deshearer": ":/mixangler/dummy_deshearer.json", 
            "recstr": ":/recstr/kaz.drvlic__number_recstr.json"
          }, 
          "type": "common"
        }
      }, 
      "photo": {"workflow": {"settings": {}, "type": "image"}}, 
      "signature": {"workflow": {"settings": {}, "type": "image"}}, 
      "surname_raw": {
        "scale": 2.0, 
        "workflow": {
          "settings": {
            "deshearer": ":/mixangler/dummy_deshearer.json", 
            "recstr": ":/recstr/kaz.drvlic__kaz_sym_recstr.json"
          }, 
          "type": "common"
        }
      }
    }, 
    "formatters": [
      {
        "formatter": ":/postprocessor/dummy_postprocessor.json", 
        "input_fields": ["number"]
      }, 
      {
        "formatter": "postprocessors/drvlic_surname_postprocessor.json", 
        "input_fields": ["surname_raw"], 
        "output_fields": ["surname"]
      }, 
      {
        "formatter": ":/postprocessor/punctuation_stripper.json", 
        "input_fields": ["name_and_patronymic_raw"]
      }, 
      {
        "formatter": {
          "settings": {
            "input_field": "name_and_patronymic_raw", 
            "output_fields_sequence": ["name_and_patronymic", "name_and_patronymic_eng"], 
            "separator": "/"
          }, 
          "type": "splitter"
        }, 
        "input_fields": ["name_and_patronymic_raw"], 
        "output_fields": ["name_and_patronymic", "name_and_patronymic_eng"]
      }, 
      {
        "formatter": ":/postprocessor/punctuation_stripper.json", 
        "input_fields": ["name_and_patronymic"]
      }, 
      {
        "formatter": {
          "settings": {
            "input_field": "name_and_patronymic", 
            "output_fields_sequence": ["name", "patronymic"], 
            "separator": " "
          }, 
          "type": "splitter"
        }, 
        "input_fields": ["name_and_patronymic"], 
        "output_fields": ["name", "patronymic"]
      }, 
      {
        "formatter": "postprocessors/drvlic_birth_date_and_place_postprocessor.json", 
        "input_fields": ["birth_date_and_place_raw"], 
        "output_fields": ["birth_date_and_place", "birth_date", "birth_place"]
      }, 
      {
        "formatter": ":/postprocessor/date/default_birth_date_DDMMYYYY_formatter.json", 
        "input_fields": ["birth_date"]
      }, 
      {
        "formatter": ":/postprocessor/date/default_issue_date_DDMMYYYY_formatter.json", 
        "input_fields": ["issue_date"]
      }, 
      {
        "formatter": ":/postprocessor/date/default_expiry_date_DDMMYYYY_formatter.json", 
        "input_fields": ["expiry_date"]
      }, 
      {
        "formatter": ":/postprocessor/punctuation_stripper.json", 
        "input_fields": ["authority"]
      }, 
      {
        "formatter": ":/postprocessor/punctuation_stripper.json", 
        "input_fields": ["authority_eng"]
      }, 
      {"formatter": ":/postprocessor/punctuation_filter.json", "input_fields": ["inn"]}, 
      {"formatter": ":/postprocessor/spaces_stripper.json", "input_fields": ["number"]}, 
      {
        "formatter": {
          "settings": {
            "input_field": "number", 
            "output_fields_sequence": ["series", "N", "number"], 
            "separator": " "
          }, 
          "type": "splitter"
        }, 
        "input_fields": ["number"], 
        "output_fields": ["series", "N", "number"]
      }, 
      {"formatter": {"settings": {"value": "№"}, "type": "stub"}, "input_fields": ["N"]}, 
      {
        "formatter": ":/postprocessor/punctuation_filter.json", 
        "input_fields": ["series"]
      }, 
      {
        "formatter": ":/postprocessor/punctuation_filter.json", 
        "input_fields": ["number"]
      }, 
      {
        "formatter": {
          "settings": {
            "input_fields_sequence": ["series", "N", "number"], 
            "output_field": "number", 
            "separator": " "
          }, 
          "type": "merge"
        }, 
        "input_fields": ["series", "N", "number"], 
        "output_fields": ["number"]
      }
    ], 
    "image_integrators": {"__default__": ":/integrator/default_image_integrator.json"}, 
    "integrators": {"__default__": ":/integrator/default_rover_integrator.json"}, 
    "size": [856, 540], 
    "zones": { 
      "data": {
        "rect": [282, 114, 563, 280], 
        "workflow": {
          "settings": {"vertsgm": "vertsgm/new_drvlic_type2.json"}, 
          "type": "common"
        }
      }, 
      "photo_zone": {
        "rect": [30, 125, 245, 345], 
        "workflow": {
          "settings": {"output_field_name": "photo"}, 
          "type": "image_retriever"
        }
      }, 
      "signature_zone": {
        "rect": [335, 365, 220, 75], 
        "workflow": {
          "settings": {"output_field_name": "signature"}, 
          "type": "image_retriever"
        }
      }
    }
  }
}