{
  "kaz.id.type1:front": {
    "config": "templates/kaz.id.type1.front.common.json", 
    "expected_fields": [
      "birth_date",
      "inn",
      "name",
      "full_mrz"
    ], 
    "fields": {
      "birth_date": {
        "scale": 2.0, 
        "workflow": {
          "settings": {
            "deshearer": ":/mixangler/dummy_deshearer.json", 
            "recstr": ":/recstr/kaz.id__date_recstr.json"
          }, 
          "type": "common"
        }
      }, 
      "inn": {
        "scale": 2.0, 
        "workflow": {
          "settings": {
            "deshearer": ":/mixangler/dummy_deshearer.json", 
            "recstr": ":/recstr/kaz.id__digits_recstr.json"
          }, 
          "type": "common"
        }
      }, 
      "mrz2_line1": {"workflow": {"type": "dummy"}}, 
      "mrz2_line2": {"workflow": {"type": "dummy"}}, 
      "name": {
        "scale": 2.0, 
        "workflow": {
          "settings": {
            "deshearer": ":/mixangler/dummy_deshearer.json", 
            "recstr": ":/recstr/kaz.id__fio_recstr.json"
          }, 
          "type": "common"
        }
      }, 
      "patronymic": {
        "scale": 2.0, 
        "workflow": {
          "settings": {
            "deshearer": ":/mixangler/dummy_deshearer.json", 
            "recstr": ":/recstr/kaz.id__fio_recstr.json"
          }, 
          "type": "common"
        }
      }, 
      "photo": {"workflow": {"settings": {}, "type": "image"}}, 
      "surname": {
        "scale": 2.0, 
        "workflow": {
          "settings": {
            "deshearer": ":/mixangler/dummy_deshearer.json", 
            "recstr": ":/recstr/kaz.id__fio_recstr.json"
          }, 
          "type": "common"
        }
      }
    }, 
    "formatters": [
      ":/postprocessor/mrz/mrz_formatter_slot.json", 
      {
        "formatter": ":/postprocessor/date/default_birth_date_DDMMYYYY_formatter.json", 
        "input_fields": ["birth_date"]
      }, 
      {"formatter": ":/postprocessor/punctuation_filter.json", "input_fields": ["inn"]}
    ], 
    "image_integrators": {"__default__": ":/integrator/default_image_integrator.json"}, 
    "integrators": {
      "__default__": ":/integrator/default_rover_integrator.json", 
      "birth_date": ":/integrator/default_token_integrator.json", 
      "full_mrz": ":/integrator/default_mrz_integrator.json", 
      "inn": ":/integrator/default_token_integrator.json"
    }, 
    "size": [1050, 740], 
    "zones": {
      "data_zone": {
        "rect": [385, 245, 515, 355], 
        "workflow": {
          "settings": {"vertsgm": "vertsgm/idcard_old_front_dp.json"}, 
          "type": "common"
        }
      }, 
      "mrz_zone": {
        "rect": [0, 390, 1050, 350], 
        "size_override": [1200, 400], 
        "workflow": {
          "settings": {
            "engine_settings_path": ":/mrz-data/mrzapi_engine.json", 
            "mrz_search_tplfinder": ":/mrz-data/mrz_tplfinder_config_anywhere.json", 
            "perform_mrz_search": true, 
            "supported_document_types": ["mrz.td2"]
          }, 
          "type": "mrz"
        }
      }, 
      "photo_zone": {
        "rect": [45, 110, 335, 450], 
        "workflow": {
          "settings": {"photo_detector": ":/photo_retriever/photo_detector.json"}, 
          "type": "photo_retriever"
        }
      }
    }
  }
}