{
  "kaz.passport.type2:main": {
    "config": "templates/kaz.passport.type2.main.common.json", 
    "expected_fields": [
      "issue_date", 
      "surname", 
      "name", 
      "number", 
      "authority", 
      "expiry_date", 
      "birth_place", 
      "birth_date", 
      "nationality"
    ], 
    "fields": {
      "authority0": {
        "scale": 1.5, 
        "workflow": {
          "settings": {
            "deshearer": ":/mixangler/dummy_deshearer.json", 
            "recstr": ":/recstr/kaz__eng_fio_recstr.json"
          }, 
          "type": "common"
        }
      }, 
      "authority1": {
        "scale": 1.5, 
        "workflow": {
          "settings": {
            "deshearer": ":/mixangler/dummy_deshearer.json", 
            "recstr": ":/recstr/kaz__eng_fio_recstr.json"
          }, 
          "type": "common"
        }
      }, 
      "birth_date": {
        "scale": 1.5, 
        "workflow": {
          "settings": {
            "deshearer": ":/mixangler/dummy_deshearer.json", 
            "recstr": ":/recstr/kaz__pass_date_recstr.json"
          }, 
          "type": "common"
        }
      }, 
      "birth_place": {
        "scale": 1.5, 
        "workflow": {
          "settings": {
            "deshearer": ":/mixangler/dummy_deshearer.json", 
            "recstr": ":/recstr/kaz__eng_fio_recstr.json"
          }, 
          "type": "common"
        }
      }, 
      "expiry_date": {
        "scale": 1.5, 
        "workflow": {
          "settings": {
            "deshearer": ":/mixangler/dummy_deshearer.json", 
            "recstr": ":/recstr/kaz__pass_date_recstr.json"
          }, 
          "type": "common"
        }
      }, 
      "gender": {
        "scale": 1.5, 
        "workflow": {
          "settings": {
            "deshearer": ":/mixangler/dummy_deshearer.json", 
            "recstr": ":/recstr/kaz__eng_fio_recstr.json"
          }, 
          "type": "common"
        }
      }, 
      "issue_date": {
        "scale": 1.5, 
        "workflow": {
          "settings": {
            "deshearer": ":/mixangler/dummy_deshearer.json", 
            "recstr": ":/recstr/kaz__pass_date_recstr.json"
          }, 
          "type": "common"
        }
      }, 
      "mrz2_line1": {"workflow": {"type": "dummy"}}, 
      "mrz2_line2": {"workflow": {"type": "dummy"}}, 
      "name": {
        "scale": 1.5, 
        "workflow": {
          "settings": {
            "deshearer": ":/mixangler/dummy_deshearer.json", 
            "recstr": ":/recstr/kaz__eng_fio_recstr.json"
          }, 
          "type": "common"
        }
      }, 
      "nationality": {
        "scale": 1.5, 
        "workflow": {
          "settings": {
            "deshearer": ":/mixangler/dummy_deshearer.json", 
            "recstr": ":/recstr/kaz__eng_fio_recstr.json"
          }, 
          "type": "common"
        }
      }, 
      "number": {
        "scale": 1.5, 
        "workflow": {
          "settings": {
            "deshearer": ":/mixangler/dummy_deshearer.json", 
            "recstr": ":/recstr/kaz__pass_t2_number_recstr.json"
          }, 
          "type": "common"
        }
      }, 
      "photo": {"workflow": {"settings": {}, "type": "image"}}, 
      "surname": {
        "scale": 1.5, 
        "workflow": {
          "settings": {
            "deshearer": ":/mixangler/dummy_deshearer.json", 
            "recstr": ":/recstr/kaz__eng_fio_recstr.json"
          }, 
          "type": "common"
        }
      }
    }, 
    "formatters": [
      ":/postprocessor/mrz/mrz_formatter_slot.json", 
      {
        "formatter": ":/postprocessor/dummy_postprocessor.json", 
        "input_fields": ["gender"]
      }, 
      {
        "formatter": ":/postprocessor/dummy_postprocessor.json", 
        "input_fields": ["number"]
      }, 
      {
        "formatter": ":/postprocessor/date/default_birth_date_DDMMYYYY_formatter.json", 
        "input_fields": ["birth_date"]
      }, 
      {
        "formatter": ":/postprocessor/date/default_issue_date_DDMMYYYY_formatter.json", 
        "input_fields": ["issue_date"]
      }, 
      {
        "formatter": ":/postprocessor/date/default_expiry_date_DDMMYYYY_formatter.json", 
        "input_fields": ["expiry_date"]
      }, 
      {
        "formatter": ":/postprocessor/dummy_postprocessor.json", 
        "input_fields": ["surname"]
      }, 
      {
        "formatter": ":/postprocessor/dummy_postprocessor.json", 
        "input_fields": ["name"]
      }, 
      {
        "formatter": ":/postprocessor/dummy_postprocessor.json", 
        "input_fields": ["nationality"]
      }, 
      {
        "formatter": ":/postprocessor/dummy_postprocessor.json", 
        "input_fields": ["birth_place"]
      }, 
      {
        "allow_incomplete_inputs": true, 
        "formatter": {
          "settings": {
            "input_fields_sequence": ["authority0", "authority1"], 
            "output_field": "authority", 
            "separator": " "
          }, 
          "type": "merge"
        }, 
        "input_fields": ["authority0", "authority1"], 
        "output_fields": ["authority"]
      }
    ], 
    "image_integrators": {"__default__": ":/integrator/default_image_integrator.json"}, 
    "integrators": {
      "__default__": ":/integrator/default_rover_integrator.json", 
      "birth_date": ":/integrator/default_token_integrator.json", 
      "expiry_date": ":/integrator/default_token_integrator.json", 
      "full_mrz": ":/integrator/default_mrz_integrator.json", 
      "issue_date": ":/integrator/default_token_integrator.json", 
      "number": ":/integrator/default_token_integrator.json"
    }, 
    "size": [800, 560], 
    "zones": {
      "data": {
        "rect": [254, 64, 476, 366], 
        "workflow": {
          "settings": {"vertsgm": "vertsgm/new_psp_type2.json"}, 
          "type": "common"
        }
      }, 
      "mrz_zone": {
        "rect": [0, 300, 800, 260], 
        "size_override": [1200, 390], 
        "workflow": {
          "settings": {
            "engine_settings_path": ":/mrz-data/mrzapi_engine.json", 
            "mrz_search_tplfinder": ":/mrz-data/mrz_tplfinder_config_anywhere.json", 
            "perform_mrz_search": true, 
            "supported_document_types": ["mrz.mrp"]
          }, 
          "type": "mrz"
        }
      }, 
      "photo_zone": {
        "rect": [20, 100, 245, 325], 
        "workflow": {
          "settings": {"photo_detector": ":/photo_retriever/photo_detector.json"}, 
          "type": "photo_retriever"
        }
      }
    }
  }
}