{
  "kaz.id.type2:residence_front2": {
    "config": "templates/kaz.id.type2.residence_front2.common.json", 
    "expected_fields": [
      "birth_date",
      "inn",
      "name"
    ], 
    "fields": {
      "birth_date": {
        "scale": 2.0, 
        "workflow": {
          "settings": {
            "deshearer": ":/mixangler/dummy_deshearer.json", 
            "recstr": ":/recstr/kaz.id__date_recstr.json"
          }, 
          "type": "common"
        }
      }, 
      "inn": {
        "scale": 2.0, 
        "workflow": {
          "settings": {
            "deshearer": ":/mixangler/dummy_deshearer.json", 
            "recstr": ":/recstr/kaz.id__digits_recstr.json"
          }, 
          "type": "common"
        }
      }, 
      "name": {
        "scale": 2.0, 
        "workflow": {
          "settings": {
            "deshearer": ":/mixangler/dummy_deshearer.json", 
            "recstr": ":/recstr/kaz.id__fio_recstr.json"
          }, 
          "type": "common"
        }
      }, 
      "patronymic": {
        "scale": 2.0, 
        "workflow": {
          "settings": {
            "deshearer": ":/mixangler/dummy_deshearer.json", 
            "recstr": ":/recstr/kaz.id__fio_recstr.json"
          }, 
          "type": "common"
        }
      }, 
      "photo": {"workflow": {"settings": {}, "type": "image"}}, 
      "signature": {"workflow": {"settings": {}, "type": "image"}}, 
      "surname": {
        "scale": 2.0, 
        "workflow": {
          "settings": {
            "deshearer": ":/mixangler/dummy_deshearer.json", 
            "recstr": ":/recstr/kaz.id__fio_recstr.json"
          }, 
          "type": "common"
        }
      }
    }, 
    "formatters": [
      {"formatter": ":/postprocessor/punctuation_filter.json", "input_fields": ["inn"]}, 
      {
        "formatter": ":/postprocessor/date/default_birth_date_DDMMYYYY_formatter.json", 
        "input_fields": ["birth_date"]
      }, 
      {
        "formatter": ":/postprocessor/dummy_postprocessor.json", 
        "input_fields": ["patronymic"]
      }, 
      {
        "formatter": ":/postprocessor/dummy_postprocessor.json", 
        "input_fields": ["surname"]
      }, 
      {
        "formatter": ":/postprocessor/dummy_postprocessor.json", 
        "input_fields": ["name"]
      }
    ], 
    "image_integrators": {"__default__": ":/integrator/default_image_integrator.json"}, 
    "integrators": {
      "__default__": ":/integrator/default_rover_integrator.json", 
      "birth_date": ":/integrator/default_token_integrator.json", 
      "inn": ":/integrator/default_token_integrator.json"
    }, 
    "size": [856, 540], 
    "zones": {
      "data_zone": {
        "rect": [270, 200, 550, 300], 
        "workflow": {
          "settings": {"vertsgm": "vertsgm/idcard_new_front_dp_res.json"}, 
          "type": "common"
        }
      }, 
      "photo_zone": {
        "rect": [30, 125, 210, 285], 
        "workflow": {
          "settings": {"photo_detector": ":/photo_retriever/photo_detector.json"}, 
          "type": "photo_retriever"
        }
      }, 
      "signature": {
        "rect": [30, 405, 210, 75], 
        "workflow": {
          "settings": {"output_field_name": "signature"}, 
          "type": "image_retriever"
        }
      }
    }
  }
}