{
  "kaz.vrc.type1:front": {
    "config": "templates/kaz.vrc.type1.front.common.json", 
    "expected_fields": [
      "body",
      "category",
      "color",
      "engine"
    ], 
    "fields": {
      "body": {
        "scale": 2.0, 
        "workflow": {
          "settings": {
            "deshearer": ":/mixangler/dummy_deshearer.json", 
            "recstr": ":/recstr/kaz.drvlic__number_recstr.json"
          }, 
          "type": "common"
        }
      }, 
      "category": {
        "scale": 2.0, 
        "workflow": {
          "settings": {
            "deshearer": ":/mixangler/dummy_deshearer.json", 
            "recstr": ":/recstr/kaz.vrc__eng_cap_recstr.json"
          }, 
          "type": "common"
        }
      }, 
      "chassis": {
        "scale": 2.0, 
        "workflow": {
          "settings": {
            "deshearer": ":/mixangler/dummy_deshearer.json", 
            "recstr": ":/recstr/kaz.drvlic__number_recstr.json"
          }, 
          "type": "common"
        }
      }, 
      "color": {
        "scale": 2.0, 
        "workflow": {
          "settings": {
            "deshearer": ":/mixangler/dummy_deshearer.json", 
            "recstr": ":/recstr/kaz.vrc__color_recstr.json"
          }, 
          "type": "common"
        }
      }, 
      "engine": {
        "scale": 2.0, 
        "workflow": {
          "settings": {
            "deshearer": ":/mixangler/dummy_deshearer.json", 
            "recstr": ":/recstr/kaz.drvlic__number_recstr.json"
          }, 
          "type": "common"
        }
      }, 
      "max_weight": {
        "scale": 1.8, 
        "workflow": {
          "settings": {
            "deshearer": ":/mixangler/dummy_deshearer.json", 
            "recstr": ":/recstr/kaz.id__digits_recstr.json"
          }, 
          "type": "common"
        }
      }, 
      "model": {
        "scale": 2.0, 
        "workflow": {
          "settings": {
            "deshearer": ":/mixangler/dummy_deshearer.json", 
            "recstr": ":/recstr/kaz.vrc__eng_sym_recstr.json"
          }, 
          "type": "common"
        }
      }, 
      "name_and_patronymic_raw": {
        "scale": 2.0, 
        "workflow": {
          "settings": {
            "deshearer": ":/mixangler/dummy_deshearer.json", 
            "recstr": ":/recstr/kaz.vrc__fio_recstr.json"
          }, 
          "type": "common"
        }
      }, 
      "number": {
        "scale": 2.0, 
        "workflow": {
          "settings": {
            "deshearer": ":/mixangler/dummy_deshearer.json", 
            "recstr": ":/recstr/kaz.drvlic__number_recstr.json"
          }, 
          "type": "common"
        }
      }, 
      "reg_number": {
        "scale": 2.0, 
        "workflow": {
          "settings": {
            "deshearer": ":/mixangler/dummy_deshearer.json", 
            "recstr": ":/recstr/kaz.drvlic__number_recstr.json"
          }, 
          "type": "common"
        }
      }, 
      "surname_raw": {
        "scale": 2.0, 
        "workflow": {
          "settings": {
            "deshearer": ":/mixangler/dummy_deshearer.json", 
            "recstr": ":/recstr/kaz.vrc__fio_recstr.json"
          }, 
          "type": "common"
        }
      }, 
      "volume": {
        "scale": 1.8, 
        "workflow": {
          "settings": {
            "deshearer": ":/mixangler/dummy_deshearer.json", 
            "recstr": ":/recstr/kaz.id__digits_recstr.json"
          }, 
          "type": "common"
        }
      }, 
      "weight": {
        "scale": 1.8, 
        "workflow": {
          "settings": {
            "deshearer": ":/mixangler/dummy_deshearer.json", 
            "recstr": ":/recstr/kaz.id__digits_recstr.json"
          }, 
          "type": "common"
        }
      }, 
      "year": {
        "scale": 2.0, 
        "workflow": {
          "settings": {
            "deshearer": ":/mixangler/dummy_deshearer.json", 
            "recstr": ":/recstr/kaz.id__digits_recstr.json"
          }, 
          "type": "common"
        }
      }
    }, 
    "formatters": [
      {
        "formatter": ":/postprocessor/punctuation_filter.json", 
        "input_fields": ["volume"]
      }, 
      {
        "formatter": ":/postprocessor/punctuation_filter.json", 
        "input_fields": ["max_weight"]
      }, 
      {
        "formatter": ":/postprocessor/punctuation_filter.json", 
        "input_fields": ["weight"]
      }, 
      {
        "formatter": {
          "settings": {
            "input_field": "number", 
            "output_fields_sequence": ["series", "N", "number"], 
            "separator": " "
          }, 
          "type": "splitter"
        }, 
        "input_fields": ["number"], 
        "output_fields": ["series", "N", "number"]
      }, 
      {"formatter": {"settings": {"value": "№"}, "type": "stub"}, "input_fields": ["N"]}, 
      {
        "formatter": ":/postprocessor/punctuation_filter.json", 
        "input_fields": ["series"]
      }, 
      {
        "formatter": ":/postprocessor/punctuation_filter.json", 
        "input_fields": ["number"]
      }, 
      {
        "formatter": {
          "settings": {
            "input_fields_sequence": ["series", "N", "number"], 
            "output_field": "number", 
            "separator": " "
          }, 
          "type": "merge"
        }, 
        "input_fields": ["series", "N", "number"], 
        "output_fields": ["number"]
      }, 
      {
        "formatter": ":/postprocessor/dummy_postprocessor.json", 
        "input_fields": ["body"]
      }, 
      {
        "formatter": ":/postprocessor/dummy_postprocessor.json", 
        "input_fields": ["color"]
      }, 
      {
        "formatter": ":/postprocessor/dummy_postprocessor.json", 
        "input_fields": ["reg_number"]
      }, 
      {
        "formatter": ":/postprocessor/dummy_postprocessor.json", 
        "input_fields": ["model"]
      }, 
      {"formatter": ":/postprocessor/punctuation_filter.json", "input_fields": ["year"]}, 
      {
        "formatter": ":/postprocessor/punctuation_filter.json", 
        "input_fields": ["category"]
      }, 
      {
        "formatter": "postprocessors/vrc_surname_postprocessor.json", 
        "input_fields": ["surname_raw"], 
        "output_fields": ["surname", "surname_eng"]
      }, 
      {
        "formatter": "postprocessors/vrc_name_and_patronymic_postprocessor.json", 
        "input_fields": ["name_and_patronymic_raw"], 
        "output_fields": ["name_and_patronymic", "name_and_patronymic_eng"]
      }, 
      {
        "formatter": {
          "settings": {
            "input_field": "name_and_patronymic", 
            "output_fields_sequence": ["name", "patronymic"], 
            "separator": " "
          }, 
          "type": "splitter"
        }, 
        "input_fields": ["name_and_patronymic"], 
        "output_fields": ["name", "patronymic"]
      }, 
      {
        "formatter": ":/postprocessor/dummy_postprocessor.json", 
        "input_fields": ["engine"]
      }, 
      {
        "formatter": ":/postprocessor/dummy_postprocessor.json", 
        "input_fields": ["chassis"]
      }
    ], 
    "image_integrators": {"__default__": ":/integrator/default_image_integrator.json"}, 
    "integrators": {"__default__": ":/integrator/default_rover_integrator.json"}, 
    "size": [950, 650], 
    "zones": {
      "body_color_zone": {
        "rect": [170, 390, 720, 90], 
        "workflow": {
          "settings": {"vertsgm": "vertsgm/vrc_body_color.json"}, 
          "type": "common"
        }
      }, 
      "chassis_zone": {
        "rect": [570, 355, 335, 40], 
        "workflow": {
          "settings": {"vertsgm": "vertsgm/vrc_chassis.json"}, 
          "type": "common"
        }
      }, 
      "engine_zone": {
        "rect": [195, 355, 265, 40], 
        "workflow": {"settings": {"vertsgm": "vertsgm/vrc_engine.json"}, "type": "common"}
      }, 
      "number_zone": {
        "rect": [310, 580, 355, 85], 
        "workflow": {"settings": {"vertsgm": "vertsgm/vrc_number.json"}, "type": "common"}
      }, 
      "owner_zone": {
        "rect": [220, 130, 670, 90], 
        "workflow": {"settings": {"vertsgm": "vertsgm/vrc_owner.json"}, "type": "common"}
      }, 
      "reg_number_model_year_category_zone": {
        "rect": [500, 205, 388, 160], 
        "workflow": {
          "settings": {"vertsgm": "vertsgm/vrc_reg_number_model_year_category.json"}, 
          "type": "common"
        }
      }, 
      "volume_weight_zone": {
        "rect": [720, 465, 170, 150], 
        "workflow": {
          "settings": {"vertsgm": "vertsgm/vrc_volume_weight.json"}, 
          "type": "common"
        }
      }
    }
  }
}