{
  "kaz.id.type1:back": {
    "config": "templates/kaz.id.type1.back.common.json", 
    "expected_fields": [
      "birth_place",
      "expiry_date",
      "issue_date"
    ], 
    "fields": {
      "birth_place": {
        "scale": 2.0, 
        "workflow": {
          "settings": {
            "deshearer": ":/mixangler/dummy_deshearer.json", 
            "recstr": ":/recstr/kaz.id__symdig_recstr.json"
          }, 
          "type": "common"
        }
      }, 
      "expiry_date": {
        "scale": 2.0, 
        "workflow": {
          "settings": {
            "deshearer": ":/mixangler/dummy_deshearer.json", 
            "recstr": ":/recstr/kaz.id__date_recstr.json"
          }, 
          "type": "common"
        }
      }, 
      "issue_authority": {
        "scale": 2.0, 
        "workflow": {
          "settings": {
            "deshearer": ":/mixangler/dummy_deshearer.json", 
            "recstr": ":/recstr/kaz.id__symdig_recstr.json"
          }, 
          "type": "common"
        }
      }, 
      "issue_date": {
        "scale": 2.0, 
        "workflow": {
          "settings": {
            "deshearer": ":/mixangler/dummy_deshearer.json", 
            "recstr": ":/recstr/kaz.id__date_recstr.json"
          }, 
          "type": "common"
        }
      }, 
      "nationality": {
        "scale": 2.0, 
        "workflow": {
          "settings": {
            "deshearer": ":/mixangler/dummy_deshearer.json", 
            "recstr": ":/recstr/kaz.id__symdig_recstr.json"
          }, 
          "type": "common"
        }
      }, 
      "number": {
        "scale": 1.7, 
        "workflow": {
          "settings": {
            "deshearer": ":/mixangler/dummy_deshearer.json", 
            "recstr": ":/recstr/kaz.id__digits_recstr.json"
          }, 
          "type": "common"
        }
      }, 
      "residence_0": {
        "scale": 2.0, 
        "workflow": {
          "settings": {
            "deshearer": ":/mixangler/dummy_deshearer.json", 
            "recstr": ":/recstr/kaz.id__symdig_recstr.json"
          }, 
          "type": "common"
        }
      }, 
      "residence_1": {
        "scale": 2.0, 
        "workflow": {
          "settings": {
            "deshearer": ":/mixangler/dummy_deshearer.json", 
            "recstr": ":/recstr/kaz.id__symdig_recstr.json"
          }, 
          "type": "common"
        }
      }, 
      "residence_2": {
        "scale": 2.0, 
        "workflow": {
          "settings": {
            "deshearer": ":/mixangler/dummy_deshearer.json", 
            "recstr": ":/recstr/kaz.id__symdig_recstr.json"
          }, 
          "type": "common"
        }
      }, 
      "signature": {"workflow": {"settings": {}, "type": "image"}}
    }, 
    "formatters": [
      {
        "formatter": ":/postprocessor/date/default_issue_date_DDMMYYYY_formatter.json", 
        "input_fields": ["issue_date"]
      }, 
      {
        "formatter": ":/postprocessor/date/default_expiry_date_DDMMYYYY_formatter.json", 
        "input_fields": ["expiry_date"]
      }, 
      {
        "formatter": ":/postprocessor/punctuation_filter.json", 
        "input_fields": ["number"]
      }, 
      {
        "allow_incomplete_inputs": true, 
        "formatter": "postprocessors/residence_merge.json", 
        "input_fields": ["residence_0", "residence_1", "residence_2"], 
        "output_fields": ["residence"]
      }
    ], 
    "image_integrators": {"__default__": ":/integrator/default_image_integrator.json"}, 
    "integrators": {
      "__default__": ":/integrator/default_rover_integrator.json", 
      "expiry_date": ":/integrator/default_token_integrator.json", 
      "issue_date": ":/integrator/default_token_integrator.json", 
      "number": ":/integrator/default_token_integrator.json"
    }, 
    "size": [1050, 740], 
    "zones": {
      "data_zone": {
        "rect": [10, 130, 1035, 470], 
        "workflow": {
          "settings": {"vertsgm": "vertsgm/idcard_old_back_data_dp.json"}, 
          "type": "common"
        }
      }, 
      "number_zone": {
        "rect": [650, 0, 400, 150], 
        "workflow": {
          "settings": {"vertsgm": "vertsgm/idcard_old_back.json"}, 
          "type": "common"
        }
      }, 
      "signature": {
        "rect": [40, 590, 840, 120], 
        "workflow": {
          "settings": {"output_field_name": "signature"}, 
          "type": "image_retriever"
        }
      }
    }
  }
}