{
  "kaz.id.type2:back": {
    "config": "templates/kaz.id.type2.back.common.json", 
    "expected_fields": [
      "birth_place",
      "expiry_date",
      "issue_date",
      "full_mrz"
    ], 
    "fields": {
      "birth_place": {
        "scale": 2.0, 
        "workflow": {
          "settings": {
            "deshearer": ":/mixangler/dummy_deshearer.json", 
            "recstr": ":/recstr/kaz.id__symdig_recstr.json"
          }, 
          "type": "common"
        }
      }, 
      "expiry_date": {
        "scale": 2.0, 
        "workflow": {
          "settings": {
            "deshearer": ":/mixangler/dummy_deshearer.json", 
            "recstr": ":/recstr/kaz.id__date_recstr.json"
          }, 
          "type": "common"
        }
      }, 
      "issue_authority": {
        "scale": 2.0, 
        "workflow": {
          "settings": {
            "deshearer": ":/mixangler/dummy_deshearer.json", 
            "recstr": ":/recstr/kaz.id__symdig_recstr.json"
          }, 
          "type": "common"
        }
      }, 
      "issue_date": {
        "scale": 2.0, 
        "workflow": {
          "settings": {
            "deshearer": ":/mixangler/dummy_deshearer.json", 
            "recstr": ":/recstr/kaz.id__date_recstr.json"
          }, 
          "type": "common"
        }
      }, 
      "mrz3_line1": {"workflow": {"type": "dummy"}}, 
      "mrz3_line2": {"workflow": {"type": "dummy"}}, 
      "mrz3_line3": {"workflow": {"type": "dummy"}}, 
      "nationality": {
        "scale": 2.0, 
        "workflow": {
          "settings": {
            "deshearer": ":/mixangler/dummy_deshearer.json", 
            "recstr": ":/recstr/kaz.id__symdig_recstr.json"
          }, 
          "type": "common"
        }
      }, 
      "number": {
        "scale": 2.0, 
        "workflow": {
          "settings": {
            "deshearer": ":/mixangler/dummy_deshearer.json", 
            "recstr": ":/recstr/kaz.id__digits_recstr.json"
          }, 
          "type": "common"
        }
      }
    }, 
    "formatters": [
      ":/postprocessor/mrz/mrz_formatter_slot.json", 
      {
        "formatter": ":/postprocessor/punctuation_filter.json", 
        "input_fields": ["number"]
      }, 
      {
        "formatter": ":/postprocessor/dummy_postprocessor.json", 
        "input_fields": ["birth_place"]
      }, 
      {
        "formatter": ":/postprocessor/dummy_postprocessor.json", 
        "input_fields": ["nationality"]
      }, 
      {
        "formatter": ":/postprocessor/dummy_postprocessor.json", 
        "input_fields": ["issue_authority"]
      }, 
      {
        "formatter": ":/postprocessor/date/default_issue_date_DDMMYYYY_formatter.json", 
        "input_fields": ["issue_date"]
      }, 
      {
        "formatter": ":/postprocessor/date/default_expiry_date_DDMMYYYY_formatter.json", 
        "input_fields": ["expiry_date"]
      }
    ], 
    "image_integrators": {"__default__": ":/integrator/default_image_integrator.json"}, 
    "integrators": {
      "__default__": ":/integrator/default_rover_integrator.json", 
      "full_mrz": ":/integrator/default_mrz_integrator.json", 
      "number": ":/integrator/default_token_integrator.json"
    }, 
    "size": [856, 540], 
    "zones": {
      "data_zone": {
        "rect": [230, 100, 550, 220], 
        "workflow": {
          "settings": {"vertsgm": "vertsgm/idcard_new_back_data_dp.json"}, 
          "type": "common"
        }
      }, 
      "mrz_zone": {
        "rect": [0, 330, 856, 210], 
        "size_override": [800, 200], 
        "workflow": {
          "settings": {
            "engine_settings_path": ":/mrz-data/mrzapi_engine.json", 
            "mrz_search_tplfinder": ":/mrz-data/mrz_tplfinder_config_anywhere.json", 
            "perform_mrz_search": true, 
            "supported_document_types": ["mrz.td1"]
          }, 
          "type": "mrz"
        }
      }, 
      "number_zone": {
        "rect": [550, 0, 280, 100], 
        "workflow": {
          "settings": {"vertsgm": "vertsgm/idcard_new_back.json"}, 
          "type": "common"
        }
      }
    }
  }
}