{
  "common_options": {"sessionTimeout": "5.0"}, 
  "engines": {
    "kaz": {
      "doctypes": [
        "kaz.id.type1", 
        "kaz.id.type2", 
        "kaz.passport.type1", 
        "kaz.passport.type2"
      ], 
      "options": {}, 
      "path": "kaz_anywhere.json"
    }, 
    "mrz": {
      "doctypes": [
        "mrz.mrp", 
        "mrz.td1", 
        "mrz.td2", 
        "mrz.mrva", 
        "mrz.mrvb", 
        "mrz.rus.visa", 
        "mrz.fra.id", 
        "mrz.rus.passport", 
        "mrz.che.drvlic", 
        "mrz.bgr.vrd"
      ], 
      "options": {}, 
      "path": "mrz_anywhere.json"
    }
  }, 
  "type": "smartid_bundle"
}