{
  "common_options": {},
  "documents": [
    "docs/kaz/kaz.id.type1.json",
    "docs/kaz/kaz.id.type2.json",
    "docs/kaz/kaz.passport.type1.json",
    "docs/kaz/kaz.passport.type2.json",
    "docs/kaz/kaz.drvlic.type1.json",
    "docs/kaz/kaz.drvlic.type2.json",
    "docs/kaz/kaz.vrc.type1.json",
    "docs/kaz/kaz.visa.type1.json",
    "docs/kaz/kaz.visa.type2.json"
  ],
  "engines": {
    "smartid": {
      "doctypes": [
        "kaz.id.type1",
        "kaz.id.type2",
        "kaz.passport.type1",
        "kaz.passport.type2",
        "kaz.drvlic.type1",
        "kaz.drvlic.type2",
        "kaz.vrc.type1",
        "kaz.visa.type1",
        "kaz.visa.type2"
      ],
      "options": {
        "extractFieldImages": "false",
        "extractPhoto": "true",
        "extractTemplateImages": "false"
      },
      "path": "kaz_anywhere.json",
      "type": "smartid_engine"
    }
  },
  "tplfinder": "docs/kaz/common_tplfinder_config_anywhere.json",
  "type": "smartid_bundle"
}