{
    "descriptors": {
        "descriptor_size": 37,
        "descriptors_path": "kaz_residence_type2_front_common_3.bst.desc"
    },
    "boosting_params": [
        {
            "weight": 0.11923649805723555983,
            "threshold": 71
        },
        {
            "weight": 0.091401330151022613935,
            "threshold": 67
        },
        {
            "weight": 0.060482830027922145077,
            "threshold": 49
        },
        {
            "weight": 0.047287260475708303709,
            "threshold": 69
        },
        {
            "weight": 0.045617141132946306681,
            "threshold": 61
        },
        {
            "weight": 0.036858448924883310815,
            "threshold": 73
        },
        {
            "weight": 0.036863698877363113016,
            "threshold": 67
        },
        {
            "weight": 0.039818236702156901974,
            "threshold": 79
        },
        {
            "weight": 0.027385243868567766407,
            "threshold": 80
        },
        {
            "weight": 0.029420317131687037659,
            "threshold": 77
        },
        {
            "weight": 0.022041709786048115094,
            "threshold": 81
        },
        {
            "weight": 0.024837540165610648424,
            "threshold": 60
        },
        {
            "weight": 0.025335597063624124697,
            "threshold": 72
        },
        {
            "weight": 0.017448050099662396062,
            "threshold": 69
        },
        {
            "weight": 0.021614982726812562858,
            "threshold": 66
        },
        {
            "weight": 0.013335434750924943931,
            "threshold": 68
        },
        {
            "weight": 0.020532461762840726466,
            "threshold": 74
        },
        {
            "weight": 0.018169599009193189432,
            "threshold": 70
        },
        {
            "weight": 0.016553908917392647082,
            "threshold": 70
        },
        {
            "weight": 0.012982600027148547689,
            "threshold": 74
        },
        {
            "weight": 0.011778407580985248912,
            "threshold": 83
        },
        {
            "weight": 0.010376592012412640814,
            "threshold": 75
        },
        {
            "weight": 0.012695904812076037535,
            "threshold": 75
        },
        {
            "weight": 0.011432557257978630955,
            "threshold": 74
        },
        {
            "weight": 0.010884214289631721079,
            "threshold": 74
        },
        {
            "weight": 0.0098641473721774244887,
            "threshold": 70
        },
        {
            "weight": 0.0093602783982117947897,
            "threshold": 74
        },
        {
            "weight": 0.0075286395131335228162,
            "threshold": 84
        },
        {
            "weight": 0.0088102447768416899954,
            "threshold": 71
        },
        {
            "weight": 0.0076189381010399606989,
            "threshold": 73
        },
        {
            "weight": 0.0090131268713596630199,
            "threshold": 77
        },
        {
            "weight": 0.0059093772870782860021,
            "threshold": 62
        },
        {
            "weight": 0.0078670902150724912605,
            "threshold": 84
        },
        {
            "weight": 0.0065002618478232033691,
            "threshold": 57
        },
        {
            "weight": 0.0063412264922793875471,
            "threshold": 86
        },
        {
            "weight": 0.006342953688750600956,
            "threshold": 51
        },
        {
            "weight": 0.0052709324077964926289,
            "threshold": 75
        },
        {
            "weight": 0.0067118336568695296379,
            "threshold": 51
        },
        {
            "weight": 0.0069063773979570475259,
            "threshold": 89
        },
        {
            "weight": 0.0060073991989848867998,
            "threshold": 72
        },
        {
            "weight": 0.0041117151228435037599,
            "threshold": 73
        },
        {
            "weight": 0.0056508122702991370884,
            "threshold": 62
        },
        {
            "weight": 0.0053585376990318315735,
            "threshold": 62
        },
        {
            "weight": 0.0053986972854695577592,
            "threshold": 75
        },
        {
            "weight": 0.0052338518376104179591,
            "threshold": 94
        },
        {
            "weight": 0.0049594906379499276855,
            "threshold": 48
        },
        {
            "weight": 0.005083711948576351454,
            "threshold": 82
        },
        {
            "weight": 0.0048449712133567732208,
            "threshold": 63
        },
        {
            "weight": 0.0036262059667013495784,
            "threshold": 74
        },
        {
            "weight": 0.0045232989230129605832,
            "threshold": 69
        },
        {
            "weight": 0.0046443045803889098158,
            "threshold": 68
        },
        {
            "weight": 0.0044550749430501933313,
            "threshold": 64
        },
        {
            "weight": 0.0046165383132783571404,
            "threshold": 73
        },
        {
            "weight": 0.003706860364762823868,
            "threshold": 57
        },
        {
            "weight": 0.0034257413467660251249,
            "threshold": 69
        },
        {
            "weight": 0.0042430144979454910772,
            "threshold": 66
        },
        {
            "weight": 0.0042262433556469955476,
            "threshold": 78
        },
        {
            "weight": 0.0041010501203253349467,
            "threshold": 47
        },
        {
            "weight": 0.0041973427236345174987,
            "threshold": 77
        },
        {
            "weight": 0.0040043087297907866556,
            "threshold": 77
        },
        {
            "weight": 0.0040944170708258897928,
            "threshold": 80
        },
        {
            "weight": 0.0037653421286328067445,
            "threshold": 48
        },
        {
            "weight": 0.0038514880098796042129,
            "threshold": 84
        },
        {
            "weight": 0.0034335880730086698609,
            "threshold": 65
        }
    ]
}
