{
    "descriptors": {
        "descriptor_size": 37,
        "descriptors_path": "kaz_residence_type2_front_common_1.bst.desc"
    },
    "boosting_params": [
        {
            "weight": 0.13976429742033047443,
            "threshold": 78
        },
        {
            "weight": 0.10075658181500322941,
            "threshold": 70
        },
        {
            "weight": 0.077544988951299145818,
            "threshold": 67
        },
        {
            "weight": 0.063301557474219782851,
            "threshold": 61
        },
        {
            "weight": 0.041128272199029730638,
            "threshold": 62
        },
        {
            "weight": 0.029443894001311816944,
            "threshold": 74
        },
        {
            "weight": 0.037076297234116963042,
            "threshold": 68
        },
        {
            "weight": 0.028065282265618763519,
            "threshold": 69
        },
        {
            "weight": 0.031433153987917981931,
            "threshold": 74
        },
        {
            "weight": 0.024469960055222301359,
            "threshold": 79
        },
        {
            "weight": 0.018831596221898040666,
            "threshold": 71
        },
        {
            "weight": 0.02629420544411053412,
            "threshold": 65
        },
        {
            "weight": 0.019119791542021053604,
            "threshold": 64
        },
        {
            "weight": 0.016841065037085694439,
            "threshold": 68
        },
        {
            "weight": 0.019019982939954778456,
            "threshold": 64
        },
        {
            "weight": 0.01599909608231043015,
            "threshold": 77
        },
        {
            "weight": 0.014369751052012868023,
            "threshold": 65
        },
        {
            "weight": 0.015301852025272214344,
            "threshold": 75
        },
        {
            "weight": 0.011884241290680368913,
            "threshold": 58
        },
        {
            "weight": 0.013943529980341064917,
            "threshold": 71
        },
        {
            "weight": 0.01000486412887260923,
            "threshold": 71
        },
        {
            "weight": 0.012957877606632228415,
            "threshold": 76
        },
        {
            "weight": 0.0084229311330914664879,
            "threshold": 62
        },
        {
            "weight": 0.0090060454821070251574,
            "threshold": 67
        },
        {
            "weight": 0.0075715338841316299698,
            "threshold": 61
        },
        {
            "weight": 0.0081612459926333636578,
            "threshold": 85
        },
        {
            "weight": 0.0080629778640364142828,
            "threshold": 54
        },
        {
            "weight": 0.0077802201344948579767,
            "threshold": 77
        },
        {
            "weight": 0.0067166714208363818145,
            "threshold": 45
        },
        {
            "weight": 0.0075575433101649066789,
            "threshold": 89
        },
        {
            "weight": 0.0070919605048565606542,
            "threshold": 63
        },
        {
            "weight": 0.005413667001194583106,
            "threshold": 70
        },
        {
            "weight": 0.0061260188549342236772,
            "threshold": 55
        },
        {
            "weight": 0.0066990962298994066737,
            "threshold": 74
        },
        {
            "weight": 0.0061148192153176765193,
            "threshold": 57
        },
        {
            "weight": 0.0063142015786297805632,
            "threshold": 79
        },
        {
            "weight": 0.006437681159483966617,
            "threshold": 61
        },
        {
            "weight": 0.0062017814504322227309,
            "threshold": 77
        },
        {
            "weight": 0.0060164784819381660411,
            "threshold": 69
        },
        {
            "weight": 0.0058759829516721283349,
            "threshold": 72
        },
        {
            "weight": 0.0050824104659065961684,
            "threshold": 68
        },
        {
            "weight": 0.0058845738384378136823,
            "threshold": 77
        },
        {
            "weight": 0.0056421150018754733652,
            "threshold": 68
        },
        {
            "weight": 0.0055126891567288567597,
            "threshold": 89
        },
        {
            "weight": 0.0052362532717909263114,
            "threshold": 64
        },
        {
            "weight": 0.0051694485148853367221,
            "threshold": 82
        },
        {
            "weight": 0.0046198616542281528349,
            "threshold": 67
        },
        {
            "weight": 0.0049973380517761871109,
            "threshold": 72
        },
        {
            "weight": 0.0047011481769676788378,
            "threshold": 72
        },
        {
            "weight": 0.0047816538346108503413,
            "threshold": 75
        },
        {
            "weight": 0.0047458302010715252423,
            "threshold": 46
        },
        {
            "weight": 0.0044272183048617921863,
            "threshold": 78
        },
        {
            "weight": 0.0042340525152534747369,
            "threshold": 71
        },
        {
            "weight": 0.0042108131665640957317,
            "threshold": 74
        },
        {
            "weight": 0.0041511656106475508174,
            "threshold": 65
        },
        {
            "weight": 0.0039435567434176173676,
            "threshold": 84
        },
        {
            "weight": 0.0038803863120182220149,
            "threshold": 26
        },
        {
            "weight": 0.0038798648989682472943,
            "threshold": 70
        },
        {
            "weight": 0.0037426689077597829168,
            "threshold": 51
        },
        {
            "weight": 0.0037662251332387882731,
            "threshold": 71
        },
        {
            "weight": 0.003652609737081468147,
            "threshold": 51
        },
        {
            "weight": 0.003643729303203593374,
            "threshold": 100
        },
        {
            "weight": 0.0035460206579333549207,
            "threshold": 40
        },
        {
            "weight": 0.0034253711356557582993,
            "threshold": 88
        }
    ]
}
