{
    "descriptors": {
        "descriptor_size": 37,
        "descriptors_path": "kaz_residence_type2_front_common_0.bst.desc"
    },
    "boosting_params": [
        {
            "weight": 0.051549753355543917466,
            "threshold": 55
        },
        {
            "weight": 0.027577455932489322588,
            "threshold": 45
        },
        {
            "weight": 0.024653059172946682753,
            "threshold": 43
        },
        {
            "weight": 0.026936872438347643499,
            "threshold": 54
        },
        {
            "weight": 0.022798268960576108244,
            "threshold": 50
        },
        {
            "weight": 0.02231651240642975112,
            "threshold": 69
        },
        {
            "weight": 0.022965290684742213634,
            "threshold": 55
        },
        {
            "weight": 0.021316887394587341609,
            "threshold": 51
        },
        {
            "weight": 0.021704285378337469237,
            "threshold": 69
        },
        {
            "weight": 0.021861583652824322782,
            "threshold": 48
        },
        {
            "weight": 0.019552371505357688669,
            "threshold": 50
        },
        {
            "weight": 0.021838580381659717516,
            "threshold": 65
        },
        {
            "weight": 0.019545569078600610879,
            "threshold": 57
        },
        {
            "weight": 0.018370454619811179414,
            "threshold": 67
        },
        {
            "weight": 0.016407087376904092024,
            "threshold": 60
        },
        {
            "weight": 0.015303257873851863063,
            "threshold": 54
        },
        {
            "weight": 0.01672438749655141485,
            "threshold": 64
        },
        {
            "weight": 0.016841897914750512955,
            "threshold": 67
        },
        {
            "weight": 0.0173833881996862602,
            "threshold": 73
        },
        {
            "weight": 0.016011874635038576137,
            "threshold": 59
        },
        {
            "weight": 0.01698266928502862802,
            "threshold": 76
        },
        {
            "weight": 0.017076720584900811906,
            "threshold": 61
        },
        {
            "weight": 0.01601354289815510451,
            "threshold": 48
        },
        {
            "weight": 0.017470639546635670369,
            "threshold": 57
        },
        {
            "weight": 0.014447705891031921779,
            "threshold": 64
        },
        {
            "weight": 0.014341053915447581762,
            "threshold": 66
        },
        {
            "weight": 0.018134400967509664571,
            "threshold": 49
        },
        {
            "weight": 0.017330248916075072924,
            "threshold": 50
        },
        {
            "weight": 0.014522681507274206106,
            "threshold": 65
        },
        {
            "weight": 0.014069644900695022979,
            "threshold": 69
        },
        {
            "weight": 0.015084713410797284672,
            "threshold": 64
        },
        {
            "weight": 0.01397750457135405952,
            "threshold": 68
        },
        {
            "weight": 0.011807005061542086288,
            "threshold": 63
        },
        {
            "weight": 0.012527960189514693312,
            "threshold": 60
        },
        {
            "weight": 0.013267874720685957773,
            "threshold": 56
        },
        {
            "weight": 0.014329420521597496796,
            "threshold": 48
        },
        {
            "weight": 0.015676215599917039945,
            "threshold": 74
        },
        {
            "weight": 0.015210289279372268476,
            "threshold": 42
        },
        {
            "weight": 0.013394532613193187859,
            "threshold": 56
        },
        {
            "weight": 0.015974873196261830249,
            "threshold": 68
        },
        {
            "weight": 0.013788343894041571458,
            "threshold": 58
        },
        {
            "weight": 0.013561546236657539763,
            "threshold": 59
        },
        {
            "weight": 0.012425794463499914219,
            "threshold": 63
        },
        {
            "weight": 0.0098065069656962673,
            "threshold": 53
        },
        {
            "weight": 0.012643984135582249026,
            "threshold": 64
        },
        {
            "weight": 0.01346392128337704254,
            "threshold": 42
        },
        {
            "weight": 0.012318842032417998827,
            "threshold": 53
        },
        {
            "weight": 0.013196443004919391692,
            "threshold": 68
        },
        {
            "weight": 0.010643703169171637654,
            "threshold": 67
        },
        {
            "weight": 0.013033114628271761162,
            "threshold": 53
        },
        {
            "weight": 0.010795339512288223277,
            "threshold": 56
        },
        {
            "weight": 0.011037481819171046996,
            "threshold": 53
        },
        {
            "weight": 0.0099049132605669529955,
            "threshold": 50
        },
        {
            "weight": 0.011627431190054887331,
            "threshold": 60
        },
        {
            "weight": 0.011158950429161585555,
            "threshold": 63
        },
        {
            "weight": 0.0088046288029166881045,
            "threshold": 69
        },
        {
            "weight": 0.0081134973967332893463,
            "threshold": 67
        },
        {
            "weight": 0.0085858586688214860727,
            "threshold": 67
        },
        {
            "weight": 0.0089639915153759998356,
            "threshold": 66
        },
        {
            "weight": 0.0080434266990813459847,
            "threshold": 46
        },
        {
            "weight": 0.0090764103359134862964,
            "threshold": 75
        },
        {
            "weight": 0.0085482577447256510167,
            "threshold": 54
        },
        {
            "weight": 0.0083900003638497124003,
            "threshold": 62
        },
        {
            "weight": 0.0087690764116780863663,
            "threshold": 62
        }
    ]
}
