{
    "descriptors": {
        "descriptor_size": 37,
        "descriptors_path": "kaz_residence_type2_front_common_2.bst.desc"
    },
    "boosting_params": [
        {
            "weight": 0.039505629262552549585,
            "threshold": 54
        },
        {
            "weight": 0.033662008199662259156,
            "threshold": 51
        },
        {
            "weight": 0.029834312933932103512,
            "threshold": 60
        },
        {
            "weight": 0.033817630045086491397,
            "threshold": 54
        },
        {
            "weight": 0.02284983018184470055,
            "threshold": 57
        },
        {
            "weight": 0.023283151680465533073,
            "threshold": 69
        },
        {
            "weight": 0.020921638386285971306,
            "threshold": 73
        },
        {
            "weight": 0.020016443692272980343,
            "threshold": 63
        },
        {
            "weight": 0.022261879695803381968,
            "threshold": 58
        },
        {
            "weight": 0.018049243616003227131,
            "threshold": 58
        },
        {
            "weight": 0.01873795937476104706,
            "threshold": 58
        },
        {
            "weight": 0.021749392678600158041,
            "threshold": 62
        },
        {
            "weight": 0.019644318143864292897,
            "threshold": 43
        },
        {
            "weight": 0.017240124034933138747,
            "threshold": 63
        },
        {
            "weight": 0.018872930075246520387,
            "threshold": 54
        },
        {
            "weight": 0.017402879873836530483,
            "threshold": 83
        },
        {
            "weight": 0.018066336304256157275,
            "threshold": 59
        },
        {
            "weight": 0.020730002317665315037,
            "threshold": 54
        },
        {
            "weight": 0.016237170357068432536,
            "threshold": 68
        },
        {
            "weight": 0.01459252696841659841,
            "threshold": 69
        },
        {
            "weight": 0.014662836831875063898,
            "threshold": 69
        },
        {
            "weight": 0.013912942850379552556,
            "threshold": 60
        },
        {
            "weight": 0.01383377064736320515,
            "threshold": 76
        },
        {
            "weight": 0.015530551296309640097,
            "threshold": 53
        },
        {
            "weight": 0.016891870895225202798,
            "threshold": 64
        },
        {
            "weight": 0.012158925653180453416,
            "threshold": 55
        },
        {
            "weight": 0.013321938895306044762,
            "threshold": 60
        },
        {
            "weight": 0.01700252461852937505,
            "threshold": 60
        },
        {
            "weight": 0.016181670817172907895,
            "threshold": 59
        },
        {
            "weight": 0.015615111793509476104,
            "threshold": 66
        },
        {
            "weight": 0.015055683018041146962,
            "threshold": 75
        },
        {
            "weight": 0.013686452010315887026,
            "threshold": 51
        },
        {
            "weight": 0.013856836149140024095,
            "threshold": 73
        },
        {
            "weight": 0.013280592347586257437,
            "threshold": 65
        },
        {
            "weight": 0.013503005628151050488,
            "threshold": 53
        },
        {
            "weight": 0.013246812302658166061,
            "threshold": 65
        },
        {
            "weight": 0.011733136428369022458,
            "threshold": 68
        },
        {
            "weight": 0.013244355517310863607,
            "threshold": 66
        },
        {
            "weight": 0.013686443787524605817,
            "threshold": 49
        },
        {
            "weight": 0.012411869841821424054,
            "threshold": 59
        },
        {
            "weight": 0.014803710219674390963,
            "threshold": 55
        },
        {
            "weight": 0.012987116367060911118,
            "threshold": 65
        },
        {
            "weight": 0.0136016127165668535,
            "threshold": 41
        },
        {
            "weight": 0.012214645046536406342,
            "threshold": 56
        },
        {
            "weight": 0.013232704350794786963,
            "threshold": 55
        },
        {
            "weight": 0.012660084084968225432,
            "threshold": 76
        },
        {
            "weight": 0.013217070710836708106,
            "threshold": 73
        },
        {
            "weight": 0.012282717773174521222,
            "threshold": 61
        },
        {
            "weight": 0.011267533707992116038,
            "threshold": 59
        },
        {
            "weight": 0.010853518503368204257,
            "threshold": 48
        },
        {
            "weight": 0.011760470934684012778,
            "threshold": 69
        },
        {
            "weight": 0.010831348368172292324,
            "threshold": 57
        },
        {
            "weight": 0.01128280763132981715,
            "threshold": 55
        },
        {
            "weight": 0.01272094498339291363,
            "threshold": 58
        },
        {
            "weight": 0.00848460993864454463,
            "threshold": 62
        },
        {
            "weight": 0.0098619230320849404769,
            "threshold": 55
        },
        {
            "weight": 0.011307865162894770866,
            "threshold": 76
        },
        {
            "weight": 0.0091909936400400606138,
            "threshold": 45
        },
        {
            "weight": 0.009647367590401365392,
            "threshold": 67
        },
        {
            "weight": 0.010556162177516471151,
            "threshold": 68
        },
        {
            "weight": 0.00906142668276351676,
            "threshold": 64
        },
        {
            "weight": 0.0085830388359442195273,
            "threshold": 66
        },
        {
            "weight": 0.0092831529316955430087,
            "threshold": 71
        },
        {
            "weight": 0.010014435457135461779,
            "threshold": 79
        }
    ]
}
