{
    "descriptors": {
        "descriptor_size": 37,
        "descriptors_path": "kaz_id_type2_front_common_2.bst.desc"
    },
    "boosting_params": [
        {
            "weight": 0.042156636396222475771,
            "threshold": 60
        },
        {
            "weight": 0.038063050601762217495,
            "threshold": 58
        },
        {
            "weight": 0.034398615818036527847,
            "threshold": 65
        },
        {
            "weight": 0.03796168526841077473,
            "threshold": 52
        },
        {
            "weight": 0.027657986892868482998,
            "threshold": 54
        },
        {
            "weight": 0.032356862131549382622,
            "threshold": 65
        },
        {
            "weight": 0.032302032005575902207,
            "threshold": 62
        },
        {
            "weight": 0.032001567754305342006,
            "threshold": 69
        },
        {
            "weight": 0.024532196842070405629,
            "threshold": 74
        },
        {
            "weight": 0.023307454851431260584,
            "threshold": 62
        },
        {
            "weight": 0.01892707580079865462,
            "threshold": 68
        },
        {
            "weight": 0.021907876798980912419,
            "threshold": 63
        },
        {
            "weight": 0.024078013186454794853,
            "threshold": 63
        },
        {
            "weight": 0.017386624551479355066,
            "threshold": 68
        },
        {
            "weight": 0.016703088833647010414,
            "threshold": 69
        },
        {
            "weight": 0.015213594182082240333,
            "threshold": 69
        },
        {
            "weight": 0.017450183240088120579,
            "threshold": 61
        },
        {
            "weight": 0.015101716565424789726,
            "threshold": 58
        },
        {
            "weight": 0.015262493914699182956,
            "threshold": 40
        },
        {
            "weight": 0.014921061414386746491,
            "threshold": 65
        },
        {
            "weight": 0.014244763463208288262,
            "threshold": 62
        },
        {
            "weight": 0.014852970890091878736,
            "threshold": 57
        },
        {
            "weight": 0.01506598197825885152,
            "threshold": 91
        },
        {
            "weight": 0.016241770479269827809,
            "threshold": 51
        },
        {
            "weight": 0.017119609196883565916,
            "threshold": 80
        },
        {
            "weight": 0.012085642276131619913,
            "threshold": 68
        },
        {
            "weight": 0.014903742197635265129,
            "threshold": 54
        },
        {
            "weight": 0.015511747428694464684,
            "threshold": 68
        },
        {
            "weight": 0.012191363682318785006,
            "threshold": 68
        },
        {
            "weight": 0.013213404808542772439,
            "threshold": 59
        },
        {
            "weight": 0.014158016050536454192,
            "threshold": 60
        },
        {
            "weight": 0.014679931251639648584,
            "threshold": 75
        },
        {
            "weight": 0.013904688798704463795,
            "threshold": 82
        },
        {
            "weight": 0.01117055560001582043,
            "threshold": 66
        },
        {
            "weight": 0.01284566771483035795,
            "threshold": 80
        },
        {
            "weight": 0.014099697307484225159,
            "threshold": 74
        },
        {
            "weight": 0.012215413579508104316,
            "threshold": 65
        },
        {
            "weight": 0.013472975429230888561,
            "threshold": 65
        },
        {
            "weight": 0.011176887846415397773,
            "threshold": 59
        },
        {
            "weight": 0.012878294277992365438,
            "threshold": 58
        },
        {
            "weight": 0.011500458249577783648,
            "threshold": 59
        },
        {
            "weight": 0.011284729067688325718,
            "threshold": 55
        },
        {
            "weight": 0.011940629057660768,
            "threshold": 73
        },
        {
            "weight": 0.0091601185669690568525,
            "threshold": 73
        },
        {
            "weight": 0.0098371867278809407842,
            "threshold": 63
        },
        {
            "weight": 0.0088842470275158780951,
            "threshold": 78
        },
        {
            "weight": 0.010581760090289075646,
            "threshold": 60
        },
        {
            "weight": 0.0088708774017177468435,
            "threshold": 69
        },
        {
            "weight": 0.011203029680428921305,
            "threshold": 58
        },
        {
            "weight": 0.0094724173504539335711,
            "threshold": 59
        },
        {
            "weight": 0.009611497290462222079,
            "threshold": 76
        },
        {
            "weight": 0.0086825063049442239432,
            "threshold": 75
        },
        {
            "weight": 0.0077998007203647383087,
            "threshold": 58
        },
        {
            "weight": 0.0087623822651364154102,
            "threshold": 61
        },
        {
            "weight": 0.007251392191458153752,
            "threshold": 61
        },
        {
            "weight": 0.0089152783077610670698,
            "threshold": 54
        },
        {
            "weight": 0.011242152927449988384,
            "threshold": 87
        },
        {
            "weight": 0.0096125512438379103614,
            "threshold": 56
        },
        {
            "weight": 0.0092926906850565003937,
            "threshold": 57
        },
        {
            "weight": 0.0078514814870958970355,
            "threshold": 56
        },
        {
            "weight": 0.0082929587756447042945,
            "threshold": 72
        },
        {
            "weight": 0.0076390151215286784814,
            "threshold": 59
        },
        {
            "weight": 0.0080895796537670192072,
            "threshold": 73
        },
        {
            "weight": 0.0064983184976429367308,
            "threshold": 61
        }
    ]
}
