{
  "type": "address",
  "settings": {
    "digits_alphabet_postprocessor": ":/postprocessor/alphabet/digits_only_alphabet_postprocessor.json",
    "symbols_alphabet_postprocessor": ":/postprocessor/alphabet/kaz_letters_alphabet_postprocessor.json",
    "separators": " .,/\\-\"'()",
    "available_last_letters": "АБВГД",
    "min_word_len" : 5,
    "min_processed_len" : 2,
    "symdig_matchs" : {
      "O" : "0",
      "О" : "0",
      "Q" : "0",
      "З" : "3",
      "І" : "1",
      "D" : "0",
      "L" : "1",
      "U" : "0",
      "T" : "1",
      "A" : "4",
      "S" : "5"
    }
  }
}