{
  "type": "multisequence",
  "settings": {
    "postprocessors": [
      ":/postprocessor/punctuation_stripper.json",
      {
        "type": "splitter",
        "settings": {
          "separator": "/",
          "input_field": "birth_date_and_place_raw",
          "output_fields_sequence": ["birth_date_and_place", "birth_date_and_place_eng"]
        }
      },
      {
        "type": "splitter",
        "settings": {
          "separator": ",",
          "input_field": "birth_date_and_place",
          "output_fields_sequence": ["birth_date", "birth_place"]
        }
      },
      ":/postprocessor/punctuation_stripper.json"    
    ]
  }
}