{
  "type": "alphabet",
  "settings": {
    "type_app": "univ_alph",
    "str_size": 13,    
    "mask_str": [
      "ABCDEFGHIJKLMNPQRSTUVWXYZ",
      "ABCDEFGHIJKLMNPQRSTUVWXYZ",
      " ",
      "№",
      " ",
      "0123456789",
      "0123456789",
      "0123456789",
      "0123456789",
      "0123456789",
      "0123456789",
      "0123456789",
      "0123456789"
    ],
    "min_confidence": 0.2,
    "sum_alph_confidence": 0.98,
    "matchs" : {
      "O": "0",
      "О": "0"
    }
  }
}





