{
    "descriptors": {
        "descriptor_size": 37,
        "descriptors_path": "kaz_id_type3_front_common_2.bst.desc"
    },
    "boosting_params": [
        {
            "weight": 0.028364437227048750617,
            "threshold": 60
        },
        {
            "weight": 0.026582832651018649395,
            "threshold": 52
        },
        {
            "weight": 0.02714421903256712329,
            "threshold": 61
        },
        {
            "weight": 0.024813681207598012324,
            "threshold": 59
        },
        {
            "weight": 0.023055206091437560612,
            "threshold": 53
        },
        {
            "weight": 0.02434310745644561666,
            "threshold": 47
        },
        {
            "weight": 0.025180687908859952784,
            "threshold": 46
        },
        {
            "weight": 0.020930865840410858847,
            "threshold": 67
        },
        {
            "weight": 0.025126680942802320784,
            "threshold": 50
        },
        {
            "weight": 0.018693488504736215788,
            "threshold": 52
        },
        {
            "weight": 0.019085673523664740958,
            "threshold": 61
        },
        {
            "weight": 0.019600192117492195448,
            "threshold": 54
        },
        {
            "weight": 0.021318597837846692961,
            "threshold": 58
        },
        {
            "weight": 0.023592386868672547001,
            "threshold": 48
        },
        {
            "weight": 0.023371583415622274038,
            "threshold": 48
        },
        {
            "weight": 0.019927912794065270885,
            "threshold": 59
        },
        {
            "weight": 0.014575094308104531715,
            "threshold": 48
        },
        {
            "weight": 0.016094494233504987035,
            "threshold": 46
        },
        {
            "weight": 0.018759580371464679854,
            "threshold": 48
        },
        {
            "weight": 0.017999653462391157488,
            "threshold": 45
        },
        {
            "weight": 0.016492034855918203534,
            "threshold": 54
        },
        {
            "weight": 0.020011341006575953522,
            "threshold": 55
        },
        {
            "weight": 0.019220801726771555296,
            "threshold": 53
        },
        {
            "weight": 0.013467337516281457921,
            "threshold": 60
        },
        {
            "weight": 0.013921882037095762233,
            "threshold": 48
        },
        {
            "weight": 0.018259613834767093182,
            "threshold": 53
        },
        {
            "weight": 0.013697114271064505728,
            "threshold": 57
        },
        {
            "weight": 0.01515847449966019854,
            "threshold": 70
        },
        {
            "weight": 0.012997022061707559637,
            "threshold": 44
        },
        {
            "weight": 0.013080730336078833648,
            "threshold": 64
        },
        {
            "weight": 0.015976334846284027252,
            "threshold": 56
        },
        {
            "weight": 0.017403909392965613567,
            "threshold": 53
        },
        {
            "weight": 0.015461285069406719914,
            "threshold": 55
        },
        {
            "weight": 0.01510410888828651009,
            "threshold": 59
        },
        {
            "weight": 0.013437514615745240615,
            "threshold": 51
        },
        {
            "weight": 0.013416992188657826321,
            "threshold": 50
        },
        {
            "weight": 0.012697302668282001506,
            "threshold": 53
        },
        {
            "weight": 0.010103952845307032082,
            "threshold": 63
        },
        {
            "weight": 0.013028438863919323057,
            "threshold": 53
        },
        {
            "weight": 0.012621824184931336107,
            "threshold": 40
        },
        {
            "weight": 0.011942659647407823098,
            "threshold": 56
        },
        {
            "weight": 0.011112049609549437545,
            "threshold": 48
        },
        {
            "weight": 0.01013860639865525777,
            "threshold": 60
        },
        {
            "weight": 0.01161377577076649209,
            "threshold": 44
        },
        {
            "weight": 0.013083466883048035928,
            "threshold": 54
        },
        {
            "weight": 0.010666749764614989054,
            "threshold": 64
        },
        {
            "weight": 0.011554521678648017879,
            "threshold": 78
        },
        {
            "weight": 0.010440595653592090603,
            "threshold": 60
        },
        {
            "weight": 0.011501274962238381555,
            "threshold": 80
        },
        {
            "weight": 0.010815806511877692001,
            "threshold": 62
        },
        {
            "weight": 0.011372848082971656961,
            "threshold": 60
        },
        {
            "weight": 0.014500950178959670298,
            "threshold": 57
        },
        {
            "weight": 0.011701818917033989659,
            "threshold": 96
        },
        {
            "weight": 0.011168630008519744509,
            "threshold": 61
        },
        {
            "weight": 0.012072068426388894713,
            "threshold": 63
        },
        {
            "weight": 0.012116411485382021576,
            "threshold": 57
        },
        {
            "weight": 0.010233968075288008004,
            "threshold": 56
        },
        {
            "weight": 0.011696046698966337807,
            "threshold": 56
        },
        {
            "weight": 0.010423520155642667512,
            "threshold": 68
        },
        {
            "weight": 0.0094337665570161498979,
            "threshold": 55
        },
        {
            "weight": 0.011485600440836426714,
            "threshold": 59
        },
        {
            "weight": 0.0079184382380343559804,
            "threshold": 48
        },
        {
            "weight": 0.010385982748634821002,
            "threshold": 53
        },
        {
            "weight": 0.0085020516004663867354,
            "threshold": 50
        }
    ]
}
