{
    "descriptors": {
        "descriptor_size": 37,
        "descriptors_path": "kaz_id_type3_front_common_1.bst.desc"
    },
    "boosting_params": [
        {
            "weight": 0.11100031466298654337,
            "threshold": 63
        },
        {
            "weight": 0.081541968694419944552,
            "threshold": 61
        },
        {
            "weight": 0.053076290587901531204,
            "threshold": 61
        },
        {
            "weight": 0.041764559162768312428,
            "threshold": 59
        },
        {
            "weight": 0.038208150033383021793,
            "threshold": 65
        },
        {
            "weight": 0.036809159023989172776,
            "threshold": 78
        },
        {
            "weight": 0.023638671610805392365,
            "threshold": 64
        },
        {
            "weight": 0.022059879182184289476,
            "threshold": 69
        },
        {
            "weight": 0.02216542291681089516,
            "threshold": 61
        },
        {
            "weight": 0.024402035230878880989,
            "threshold": 71
        },
        {
            "weight": 0.021128936444686021584,
            "threshold": 60
        },
        {
            "weight": 0.016640939183844325605,
            "threshold": 62
        },
        {
            "weight": 0.019025505054693608864,
            "threshold": 70
        },
        {
            "weight": 0.01769673284392040552,
            "threshold": 72
        },
        {
            "weight": 0.019789634748602003694,
            "threshold": 82
        },
        {
            "weight": 0.016528482466053942557,
            "threshold": 86
        },
        {
            "weight": 0.016394727414167711843,
            "threshold": 52
        },
        {
            "weight": 0.019162490461598083447,
            "threshold": 67
        },
        {
            "weight": 0.016650553345314237502,
            "threshold": 62
        },
        {
            "weight": 0.017737532091976402487,
            "threshold": 56
        },
        {
            "weight": 0.01652491261240782508,
            "threshold": 72
        },
        {
            "weight": 0.016121264765636824506,
            "threshold": 62
        },
        {
            "weight": 0.011943550725907463306,
            "threshold": 74
        },
        {
            "weight": 0.0095356090014105682889,
            "threshold": 54
        },
        {
            "weight": 0.010789404222940486219,
            "threshold": 80
        },
        {
            "weight": 0.011837935509760871486,
            "threshold": 68
        },
        {
            "weight": 0.0086201374574030025649,
            "threshold": 75
        },
        {
            "weight": 0.013467932583058195642,
            "threshold": 74
        },
        {
            "weight": 0.012034604877384771568,
            "threshold": 59
        },
        {
            "weight": 0.0097853062903749555429,
            "threshold": 62
        },
        {
            "weight": 0.012280678570691361956,
            "threshold": 84
        },
        {
            "weight": 0.0086066116474524077817,
            "threshold": 62
        },
        {
            "weight": 0.011609436392709407415,
            "threshold": 69
        },
        {
            "weight": 0.0091440863195872031099,
            "threshold": 59
        },
        {
            "weight": 0.0091527891524821047842,
            "threshold": 75
        },
        {
            "weight": 0.0093436650136523406729,
            "threshold": 41
        },
        {
            "weight": 0.009862868031006841521,
            "threshold": 64
        },
        {
            "weight": 0.0084394824585763243696,
            "threshold": 43
        },
        {
            "weight": 0.0086587085163335273524,
            "threshold": 66
        },
        {
            "weight": 0.0079974987028852157628,
            "threshold": 77
        },
        {
            "weight": 0.006337203949475225459,
            "threshold": 84
        },
        {
            "weight": 0.0091940717079656737731,
            "threshold": 31
        },
        {
            "weight": 0.0086756740003620016338,
            "threshold": 68
        },
        {
            "weight": 0.0079258575281223667131,
            "threshold": 68
        },
        {
            "weight": 0.0079363718398181154479,
            "threshold": 66
        },
        {
            "weight": 0.0076052988820517692173,
            "threshold": 52
        },
        {
            "weight": 0.0068808555942173471598,
            "threshold": 64
        },
        {
            "weight": 0.0061684498668123028189,
            "threshold": 52
        },
        {
            "weight": 0.0065989704248463204594,
            "threshold": 65
        },
        {
            "weight": 0.0060402760119350803331,
            "threshold": 82
        },
        {
            "weight": 0.0068874623538885508534,
            "threshold": 57
        },
        {
            "weight": 0.0066148802048992313279,
            "threshold": 89
        },
        {
            "weight": 0.0048186971609080267442,
            "threshold": 62
        },
        {
            "weight": 0.0054308631733119231561,
            "threshold": 71
        },
        {
            "weight": 0.0059986624995358390003,
            "threshold": 51
        },
        {
            "weight": 0.0056334708882300413985,
            "threshold": 71
        },
        {
            "weight": 0.0056783711089409567158,
            "threshold": 65
        },
        {
            "weight": 0.0049500524108368713916,
            "threshold": 81
        },
        {
            "weight": 0.0048590169504468417455,
            "threshold": 54
        },
        {
            "weight": 0.0053256492998756859228,
            "threshold": 91
        },
        {
            "weight": 0.0051379023208819032606,
            "threshold": 40
        },
        {
            "weight": 0.0049462977348395465241,
            "threshold": 73
        },
        {
            "weight": 0.0042208710954344261582,
            "threshold": 50
        },
        {
            "weight": 0.0049563049797176298578,
            "threshold": 73
        }
    ]
}
