{
    "descriptors": {
        "descriptor_size": 37,
        "descriptors_path": "kaz_id_type3_front_common_3.bst.desc"
    },
    "boosting_params": [
        {
            "weight": 0.079162246118871126832,
            "threshold": 62
        },
        {
            "weight": 0.056068540926498641741,
            "threshold": 55
        },
        {
            "weight": 0.037052575045918655083,
            "threshold": 53
        },
        {
            "weight": 0.038615467400319881952,
            "threshold": 68
        },
        {
            "weight": 0.030087124219894539889,
            "threshold": 62
        },
        {
            "weight": 0.027527432728369067433,
            "threshold": 77
        },
        {
            "weight": 0.030362460198551155521,
            "threshold": 68
        },
        {
            "weight": 0.02664322943349948028,
            "threshold": 71
        },
        {
            "weight": 0.024406323712192846964,
            "threshold": 66
        },
        {
            "weight": 0.026788689652055781842,
            "threshold": 63
        },
        {
            "weight": 0.019470761446184304405,
            "threshold": 66
        },
        {
            "weight": 0.019473415852737683412,
            "threshold": 60
        },
        {
            "weight": 0.015462500779104161944,
            "threshold": 60
        },
        {
            "weight": 0.016534659328206934015,
            "threshold": 66
        },
        {
            "weight": 0.020240144779317608553,
            "threshold": 63
        },
        {
            "weight": 0.016965106266334642471,
            "threshold": 75
        },
        {
            "weight": 0.019837029622990325073,
            "threshold": 61
        },
        {
            "weight": 0.015727825746098440807,
            "threshold": 66
        },
        {
            "weight": 0.016037252335487282157,
            "threshold": 66
        },
        {
            "weight": 0.015629725374037426594,
            "threshold": 76
        },
        {
            "weight": 0.015165477557856904892,
            "threshold": 74
        },
        {
            "weight": 0.013956650873741252225,
            "threshold": 60
        },
        {
            "weight": 0.015946031233649033548,
            "threshold": 58
        },
        {
            "weight": 0.011988020878008903702,
            "threshold": 59
        },
        {
            "weight": 0.013117016316728921307,
            "threshold": 88
        },
        {
            "weight": 0.01190797336152091615,
            "threshold": 67
        },
        {
            "weight": 0.014769965622670256852,
            "threshold": 60
        },
        {
            "weight": 0.01245377606923131486,
            "threshold": 46
        },
        {
            "weight": 0.013982783178337346991,
            "threshold": 87
        },
        {
            "weight": 0.010553342428093215669,
            "threshold": 71
        },
        {
            "weight": 0.012355326392257275081,
            "threshold": 65
        },
        {
            "weight": 0.011907059981605887938,
            "threshold": 68
        },
        {
            "weight": 0.013811783241695905697,
            "threshold": 58
        },
        {
            "weight": 0.01104196673253354799,
            "threshold": 62
        },
        {
            "weight": 0.012742359764706799596,
            "threshold": 74
        },
        {
            "weight": 0.012377097817075183653,
            "threshold": 67
        },
        {
            "weight": 0.011972626026766103324,
            "threshold": 54
        },
        {
            "weight": 0.0114538451269002306,
            "threshold": 64
        },
        {
            "weight": 0.0099937687655433406209,
            "threshold": 59
        },
        {
            "weight": 0.010215374404173279202,
            "threshold": 73
        },
        {
            "weight": 0.01042472026954073018,
            "threshold": 56
        },
        {
            "weight": 0.010258712397832945099,
            "threshold": 68
        },
        {
            "weight": 0.0094358360813272534884,
            "threshold": 58
        },
        {
            "weight": 0.0096747442558287304742,
            "threshold": 74
        },
        {
            "weight": 0.0089807624218424496332,
            "threshold": 55
        },
        {
            "weight": 0.0080143229623104977194,
            "threshold": 52
        },
        {
            "weight": 0.010532962402080724498,
            "threshold": 76
        },
        {
            "weight": 0.0093239615574633415152,
            "threshold": 47
        },
        {
            "weight": 0.0091663490938677216063,
            "threshold": 63
        },
        {
            "weight": 0.0092765122927443537104,
            "threshold": 71
        },
        {
            "weight": 0.0061539894570517171199,
            "threshold": 64
        },
        {
            "weight": 0.0075841086971236417943,
            "threshold": 63
        },
        {
            "weight": 0.008758024537530979467,
            "threshold": 68
        },
        {
            "weight": 0.0073509588367024177383,
            "threshold": 59
        },
        {
            "weight": 0.0078524832715150226503,
            "threshold": 67
        },
        {
            "weight": 0.0079580152592678369411,
            "threshold": 66
        },
        {
            "weight": 0.0080709982150796635153,
            "threshold": 80
        },
        {
            "weight": 0.0070754145409042297488,
            "threshold": 61
        },
        {
            "weight": 0.0058309696025306686704,
            "threshold": 69
        },
        {
            "weight": 0.0069147462379691576606,
            "threshold": 56
        },
        {
            "weight": 0.0072623633486867036207,
            "threshold": 66
        },
        {
            "weight": 0.0057912408464290236754,
            "threshold": 56
        },
        {
            "weight": 0.0071216562116132968441,
            "threshold": 70
        },
        {
            "weight": 0.0073813904629913430072,
            "threshold": 28
        }
    ]
}
