{
    "type": "multisequence",
    "settings": {
      "postprocessors" : [
        {
          "type": "symbols_near_digits_replacer",
          "settings": {
            "alphabet_postprocessor": ":/postprocessor/alphabet/eng_letters_alphabet_postprocessor.json",
            "inverse": true
          }
        },
        {
          "type": "symbols_near_digits_replacer",
          "settings": {
            "alphabet_postprocessor": ":/postprocessor/alphabet/digits_only_alphabet_postprocessor.json"
          }
        }
      ]
    }        
}



