{
    "(sample)": "kaz.vrc.type1.back.common/sample.png",
    "features": {
        "content": {
            "(ffe)": "",
            "(sources)": "kaz.vrc.type1.back.common/sources.lst",
            "descriptor_size": 296,
            "descriptor_type": "uint1",
            "rotations": 4,
            "variants": "kaz.vrc.type1.back.common/variants.lst"
        },
        "type": "common"
    },
    "name": "kaz.vrc.type1:back",
    "size_mm": [
        95,
        65
    ],
    "size_px": [
        950,
        650
    ]
}
