{
    "(sample)": "kaz.visa.type2.common/sample.jpg",
    "features": {
        "content": {
            "(ffe)": "",
            "(sources)": "kaz.visa.type2.common/sources.lst",
            "descriptor_size": 296,
            "descriptor_type": "uint1",
            "rotations": 4,
            "variants": "kaz.visa.type2.common/variants.lst"
        },
        "type": "common"
    },
    "name": "kaz.visa.type2",
    "size_mm": [
        105,
        74
    ],
    "size_px": [
        1050,
        740
    ]
}
