{
  "(sample)": "kaz.drvlic.type1.front.common/sample.png", 
  "features": {
    "content": {
      "(ffe)": ":/docs/kaz/ffe_config_mobile.json", 
      "(sources)": "kaz.drvlic.type1.front.common/sources.lst", 
      "descriptor_size": 296, 
      "descriptor_type": "uint1", 
      "rotations": 4, 
      "variants": "kaz.drvlic.type1.front.common/variants.lst"
    }, 
    "type": "common"
  }, 
  "name": "kaz.drvlic.type1:front", 
  "size_mm": [
    85.6, 
    54.0
  ], 
  "size_px": [
    856, 
    540
  ]
}