{
  "(sample)": "TODO",
  "features": {
    "content": {
      "(ffe)": ":/docs/kaz/ffe_config_mobile.json",
      "(sources)": "kaz.id.type2.front2.common/sources.lst",
      "descriptor_size": 296,
      "descriptor_type": "uint1",
      "rotations": 4,
      "variants": "kaz.id.type2.front2.common/variants.lst",
      "boosting": "kaz.id.type2.front2.common/boosting.lst"
    },
    "type": "common"
  },
  "name": "kaz.id.type2:front2",
  "size_mm": [
    85.6,
    54.0
  ],
  "size_px": [
    856,
    540
  ]
}