{
  "(sample)": "kaz.passport.type2.main.common/sample.png", 
  "features": {
    "content": {
      "(ffe)": ":/docs/kaz/ffe_config_mobile.json", 
      "(sources)": "kaz.passport.type2.main.common/sources.lst", 
      "descriptor_size": 296, 
      "descriptor_type": "uint1", 
      "rotations": 4, 
      "variants": "kaz.passport.type2.main.common/variants.lst"
    }, 
    "type": "common"
  }, 
  "name": "kaz.passport.type2:main", 
  "size_mm": [
    125.0, 
    87.5
  ], 
  "size_px": [
    800, 
    560
  ]
}